[{"pk": 1, "model": "contenttypes.contenttype", "fields": {"model": "permission", "name": "permission", "app_label": "auth"}}, {"pk": 2, "model": "contenttypes.contenttype", "fields": {"model": "group", "name": "group", "app_label": "auth"}}, {"pk": 3, "model": "contenttypes.contenttype", "fields": {"model": "contenttype", "name": "content type", "app_label": "contenttypes"}}, {"pk": 4, "model": "contenttypes.contenttype", "fields": {"model": "session", "name": "session", "app_label": "sessions"}}, {"pk": 5, "model": "contenttypes.contenttype", "fields": {"model": "site", "name": "site", "app_label": "sites"}}, {"pk": 6, "model": "contenttypes.contenttype", "fields": {"model": "logentry", "name": "log entry", "app_label": "admin"}}, {"pk": 7, "model": "contenttypes.contenttype", "fields": {"model": "migrationhistory", "name": "migration history", "app_label": "south"}}, {"pk": 8, "model": "contenttypes.contenttype", "fields": {"model": "revision", "name": "revision", "app_label": "reversion"}}, {"pk": 9, "model": "contenttypes.contenttype", "fields": {"model": "version", "name": "version", "app_label": "reversion"}}, {"pk": 10, "model": "contenttypes.contenttype", "fields": {"model": "user", "name": "user", "app_label": "members"}}, {"pk": 11, "model": "contenttypes.contenttype", "fields": {"model": "attachment", "name": "attachment", "app_label": "attachments"}}, {"pk": 12, "model": "contenttypes.contenttype", "fields": {"model": "project", "name": "project", "app_label": "projects"}}, {"pk": 13, "model": "contenttypes.contenttype", "fields": {"model": "topic", "name": "topic", "app_label": "protocols"}}, {"pk": 14, "model": "contenttypes.contenttype", "fields": {"model": "institution", "name": "institution", "app_label": "protocols"}}, {"pk": 15, "model": "contenttypes.contenttype", "fields": {"model": "protocol", "name": "protocol", "app_label": "protocols"}}, {"pk": 16, "model": "contenttypes.contenttype", "fields": {"model": "copy", "name": "copy", "app_label": "reports"}}, {"pk": 17, "model": "contenttypes.contenttype", "fields": {"model": "report", "name": "report", "app_label": "reports"}}, {"pk": 18, "model": "contenttypes.contenttype", "fields": {"model": "position", "name": "position", "app_label": "positions"}}, {"pk": "2f9jnxuc2oc7h3vyh03tohg1ytm5uj15", "model": "sessions.session", "fields": {"expire_date": "2013-09-06T11:41:56.706Z", "session_data": "NGY5OWQzZDQxY2FiYTdmNjUyNmQyZWY2NjQ1NGU0NjQ3NTI4NjUwMjqAAn1xAShVEl9hdXRoX3VzZXJfYmFja2VuZHECVSlkamFuZ28uY29udHJpYi5hdXRoLmJhY2tlbmRzLk1vZGVsQmFja2VuZHEDVQ1fYXV0aF91c2VyX2lkcQRLBHUu"}}, {"pk": "l9u4n9469eknnralfg5y9uf87q33jgz2", "model": "sessions.session", "fields": {"expire_date": "2013-09-09T12:26:09.213Z", "session_data": "N2UxYzZjMGFkZGFiMjUwNzU2NjIxZDQwNTAwOGUzZDVlNDg2NzI1OTqAAn1xAS4="}}, {"pk": "rmorbmzlnc28ygsib0ktnqhr3x65g47c", "model": "sessions.session", "fields": {"expire_date": "2013-09-09T07:01:30.851Z", "session_data": "MTViMTExM2I3YTIwODk2NGE3MDU5NGU3ZWFkOGZiMjg5Y2VlNjk0NTqAAn1xAShVEl9hdXRoX3VzZXJfYmFja2VuZHECVSlkamFuZ28uY29udHJpYi5hdXRoLmJhY2tlbmRzLk1vZGVsQmFja2VuZHEDVQ1fYXV0aF91c2VyX2lkcQRLAXUu"}}, {"pk": "y0fsjtclx8lyfc10a7o4kxzhsqg1lv3q", "model": "sessions.session", "fields": {"expire_date": "2013-09-06T12:29:25.886Z", "session_data": "N2UxYzZjMGFkZGFiMjUwNzU2NjIxZDQwNTAwOGUzZDVlNDg2NzI1OTqAAn1xAS4="}}, {"pk": 1, "model": "sites.site", "fields": {"domain": "example.com", "name": "example.com"}}, {"pk": 1, "model": "south.migrationhistory", "fields": {"applied": "2013-08-23T12:07:26.054Z", "app_name": "django_extensions", "migration": "0001_empty"}}, {"pk": 2, "model": "south.migrationhistory", "fields": {"applied": "2013-08-23T12:07:26.121Z", "app_name": "reversion", "migration": "0001_initial"}}, {"pk": 3, "model": "south.migrationhistory", "fields": {"applied": "2013-08-23T12:07:26.133Z", "app_name": "reversion", "migration": "0002_auto__add_field_version_type"}}, {"pk": 4, "model": "south.migrationhistory", "fields": {"applied": "2013-08-23T12:07:26.143Z", "app_name": "reversion", "migration": "0003_auto__add_field_version_object_id_int"}}, {"pk": 5, "model": "south.migrationhistory", "fields": {"applied": "2013-08-23T12:07:26.149Z", "app_name": "reversion", "migration": "0004_populate_object_id_int"}}, {"pk": 6, "model": "south.migrationhistory", "fields": {"applied": "2013-08-23T12:07:26.158Z", "app_name": "reversion", "migration": "0005_auto__add_field_revision_manager_slug"}}, {"pk": 7, "model": "south.migrationhistory", "fields": {"applied": "2013-08-23T12:07:26.178Z", "app_name": "members", "migration": "0001_initial"}}, {"pk": 8, "model": "south.migrationhistory", "fields": {"applied": "2013-08-23T12:07:26.204Z", "app_name": "attachments", "migration": "0001_initial"}}, {"pk": 9, "model": "south.migrationhistory", "fields": {"applied": "2013-08-23T12:07:26.229Z", "app_name": "projects", "migration": "0001_initial"}}, {"pk": 10, "model": "south.migrationhistory", "fields": {"applied": "2013-08-23T12:07:26.241Z", "app_name": "projects", "migration": "0002_auto__add_field_project_status__add_field_project_date"}}, {"pk": 11, "model": "south.migrationhistory", "fields": {"applied": "2013-08-23T12:07:26.249Z", "app_name": "projects", "migration": "0003_auto__chg_field_project_flp__chg_field_project_user"}}, {"pk": 12, "model": "south.migrationhistory", "fields": {"applied": "2013-08-23T12:07:26.257Z", "app_name": "projects", "migration": "0004_auto__chg_field_project_partners"}}, {"pk": 13, "model": "south.migrationhistory", "fields": {"applied": "2013-08-23T12:07:26.266Z", "app_name": "projects", "migration": "0005_auto__del_field_project_date__add_field_project_discussed_at"}}, {"pk": 14, "model": "south.migrationhistory", "fields": {"applied": "2013-08-23T12:07:26.274Z", "app_name": "projects", "migration": "0006_auto__add_field_project_attitute__add_field_project_number"}}, {"pk": 15, "model": "south.migrationhistory", "fields": {"applied": "2013-08-23T12:07:26.282Z", "app_name": "projects", "migration": "0007_auto__add_field_project_created_at"}}, {"pk": 16, "model": "south.migrationhistory", "fields": {"applied": "2013-08-23T12:07:26.301Z", "app_name": "protocols", "migration": "0001_initial"}}, {"pk": 17, "model": "south.migrationhistory", "fields": {"applied": "2013-08-23T12:07:26.313Z", "app_name": "protocols", "migration": "0002_auto__add_institution__del_field_protocol_voted_for__del_field_protoco"}}, {"pk": 18, "model": "south.migrationhistory", "fields": {"applied": "2013-08-23T12:07:26.322Z", "app_name": "protocols", "migration": "0003_auto__chg_field_topic_voted_abstain__chg_field_topic_voted_for__chg_fi"}}, {"pk": 19, "model": "south.migrationhistory", "fields": {"applied": "2013-08-23T12:07:26.330Z", "app_name": "protocols", "migration": "0004_auto__add_field_topic_protocol"}}, {"pk": 20, "model": "south.migrationhistory", "fields": {"applied": "2013-08-23T12:07:26.338Z", "app_name": "protocols", "migration": "0005_auto"}}, {"pk": 21, "model": "south.migrationhistory", "fields": {"applied": "2013-08-23T12:07:26.347Z", "app_name": "protocols", "migration": "0006_auto__add_field_protocol_voted_for__add_field_protocol_voted_against__"}}, {"pk": 22, "model": "south.migrationhistory", "fields": {"applied": "2013-08-23T12:07:26.377Z", "app_name": "reports", "migration": "0001_initial"}}, {"pk": 23, "model": "south.migrationhistory", "fields": {"applied": "2013-08-23T12:07:26.389Z", "app_name": "reports", "migration": "0002_auto__add_copy"}}, {"pk": 24, "model": "south.migrationhistory", "fields": {"applied": "2013-08-23T12:07:26.397Z", "app_name": "reports", "migration": "0003_auto__del_field_copy_report__del_field_copy_topic__add_field_copy_for_"}}, {"pk": 25, "model": "south.migrationhistory", "fields": {"applied": "2013-08-23T12:07:26.419Z", "app_name": "positions", "migration": "0001_initial"}}, {"pk": 26, "model": "south.migrationhistory", "fields": {"applied": "2013-08-23T12:07:26.427Z", "app_name": "positions", "migration": "0002_auto__del_positions__add_position"}}, {"pk": 1, "model": "reversion.version", "fields": {"format": "json", "object_repr": "admin", "object_id": "1", "content_type": 10, "object_id_int": 1, "type": 1, "serialized_data": "[{\"pk\": 1, \"model\": \"members.user\", \"fields\": {\"username\": \"admin\", \"first_name\": \"\", \"last_name\": \"\", \"faculty_number\": \"\", \"is_active\": true, \"is_superuser\": true, \"is_staff\": true, \"last_login\": \"2013-08-23T11:13:30.442Z\", \"groups\": [], \"user_permissions\": [], \"password\": \"pbkdf2_sha256$10000$kX2mYQX9FvDh$cE0y8dvmQZtz/gRYy0Vnb12SCQqZ7ap2Oxv1gQMVWWA=\", \"email\": \"admin@example.com\", \"date_joined\": \"2013-08-23T11:13:22.784Z\"}}]", "revision": 1}}, {"pk": 2, "model": "reversion.version", "fields": {"format": "json", "object_repr": "viki", "object_id": "2", "content_type": 10, "object_id_int": 2, "type": 0, "serialized_data": "[{\"pk\": 2, \"model\": \"members.user\", \"fields\": {\"username\": \"viki\", \"first_name\": \"\", \"last_name\": \"\", \"faculty_number\": \"80440\", \"is_active\": true, \"is_superuser\": false, \"is_staff\": false, \"last_login\": \"2013-08-23T11:20:56.641Z\", \"groups\": [], \"user_permissions\": [], \"password\": \"pbkdf2_sha256$10000$dMz6UVj6mdAw$rnlKW6X1ASg2AZhYi8f3NV9DbUybL7RK0A+9dX2/B38=\", \"email\": \"\", \"date_joined\": \"2013-08-23T11:20:56.641Z\"}}]", "revision": 2}}, {"pk": 3, "model": "reversion.version", "fields": {"format": "json", "object_repr": "filareta", "object_id": "3", "content_type": 10, "object_id_int": 3, "type": 0, "serialized_data": "[{\"pk\": 3, \"model\": \"members.user\", \"fields\": {\"username\": \"filareta\", \"first_name\": \"\", \"last_name\": \"\", \"faculty_number\": \"80330\", \"is_active\": true, \"is_superuser\": false, \"is_staff\": false, \"last_login\": \"2013-08-23T11:21:16.663Z\", \"groups\": [], \"user_permissions\": [], \"password\": \"pbkdf2_sha256$10000$WJkxUN5h8NFq$Kysb2DGnqLqlsYczuGzyRPGo8xK6uTCtMhR8bwohHR0=\", \"email\": \"\", \"date_joined\": \"2013-08-23T11:21:16.663Z\"}}]", "revision": 3}}, {"pk": 4, "model": "reversion.version", "fields": {"format": "json", "object_repr": "hristo", "object_id": "4", "content_type": 10, "object_id_int": 4, "type": 0, "serialized_data": "[{\"pk\": 4, \"model\": \"members.user\", \"fields\": {\"username\": \"hristo\", \"first_name\": \"\", \"last_name\": \"\", \"faculty_number\": \"88888\", \"is_active\": true, \"is_superuser\": false, \"is_staff\": false, \"last_login\": \"2013-08-23T11:21:29.371Z\", \"groups\": [], \"user_permissions\": [], \"password\": \"pbkdf2_sha256$10000$S3hXL4qjhQbW$LfJwAWlsT/3+c5x+yns/elloTwdY0ve+RKxWqSPYwVg=\", \"email\": \"\", \"date_joined\": \"2013-08-23T11:21:29.371Z\"}}]", "revision": 4}}, {"pk": 5, "model": "reversion.version", "fields": {"format": "json", "object_repr": "radorado", "object_id": "5", "content_type": 10, "object_id_int": 5, "type": 0, "serialized_data": "[{\"pk\": 5, \"model\": \"members.user\", \"fields\": {\"username\": \"radorado\", \"first_name\": \"\", \"last_name\": \"\", \"faculty_number\": \"88201\", \"is_active\": true, \"is_superuser\": false, \"is_staff\": false, \"last_login\": \"2013-08-23T11:21:50.090Z\", \"groups\": [], \"user_permissions\": [], \"password\": \"pbkdf2_sha256$10000$QTUJp2x4qxNK$q2Pzl7PoTJ3rXmQjwHgrURShUGSKmRwLwWxNfwLVJAQ=\", \"email\": \"\", \"date_joined\": \"2013-08-23T11:21:50.090Z\"}}]", "revision": 5}}, {"pk": 6, "model": "reversion.version", "fields": {"format": "json", "object_repr": "ivaylo", "object_id": "6", "content_type": 10, "object_id_int": 6, "type": 0, "serialized_data": "[{\"pk\": 6, \"model\": \"members.user\", \"fields\": {\"username\": \"ivaylo\", \"first_name\": \"\", \"last_name\": \"\", \"faculty_number\": \"60123\", \"is_active\": true, \"is_superuser\": false, \"is_staff\": false, \"last_login\": \"2013-08-23T11:22:05.395Z\", \"groups\": [], \"user_permissions\": [], \"password\": \"pbkdf2_sha256$10000$kqOP5qLgZNHU$Xh/hyX4xKaNcK8Ety7Hh4mY04sbCpz670znws7D8A0o=\", \"email\": \"\", \"date_joined\": \"2013-08-23T11:22:05.395Z\"}}]", "revision": 6}}, {"pk": 7, "model": "reversion.version", "fields": {"format": "json", "object_repr": "veni", "object_id": "7", "content_type": 10, "object_id_int": 7, "type": 0, "serialized_data": "[{\"pk\": 7, \"model\": \"members.user\", \"fields\": {\"username\": \"veni\", \"first_name\": \"\", \"last_name\": \"\", \"faculty_number\": \"55012\", \"is_active\": true, \"is_superuser\": false, \"is_staff\": false, \"last_login\": \"2013-08-23T11:22:35.967Z\", \"groups\": [], \"user_permissions\": [], \"password\": \"pbkdf2_sha256$10000$ydWtxBlYU2Vh$OUSlCXVDkF6TUUd3A2f8K9qf/N7Km7lyE20peeQF4Bs=\", \"email\": \"\", \"date_joined\": \"2013-08-23T11:22:35.967Z\"}}]", "revision": 7}}, {"pk": 8, "model": "reversion.version", "fields": {"format": "json", "object_repr": "\u0414\u0435\u043a\u0430\u043d \u043d\u0430 \u0424\u0438\u0437\u0438\u043e\u043b\u043e\u0433\u0438\u0447\u0435\u0441\u043a\u0438\u044f \u0424\u0430\u043a\u0443\u043b\u0442\u0435\u0442 \u043a\u044a\u043c \u0421\u043e\u0444\u0438\u0439\u0441\u043a\u0438 \u0423\u043d\u0438\u0432\u0435\u0440\u0441\u0438\u0442\u0435\u0442 \u201e\u0421\u0432 \u041a\u043b\u0438\u043c\u0435\u043d\u0442 \u041e\u0445\u0440\u0438\u0434\u0441\u043a\u0438\"", "object_id": "1", "content_type": 17, "object_id_int": 1, "type": 0, "serialized_data": "[{\"pk\": 1, \"model\": \"reports.report\", \"fields\": {\"content\": \"\\u041d\\u0435 \\u0441\\u044a\\u043c \\u0441\\u044a\\u0433\\u043b\\u0430\\u0441\\u0435\\u043d \\u043e\\u0442\\u043d\\u043e\\u0441\\u043d\\u043e \\u0442\\u043e\\u0432\\u0430 \\u0440\\u0435\\u0448\\u0435\\u043d\\u0438\\u0435.\", \"addressed_to\": \"\\u0414\\u0435\\u043a\\u0430\\u043d \\u043d\\u0430 \\u0424\\u0438\\u0437\\u0438\\u043e\\u043b\\u043e\\u0433\\u0438\\u0447\\u0435\\u0441\\u043a\\u0438\\u044f \\u0424\\u0430\\u043a\\u0443\\u043b\\u0442\\u0435\\u0442 \\u043a\\u044a\\u043c \\u0421\\u043e\\u0444\\u0438\\u0439\\u0441\\u043a\\u0438 \\u0423\\u043d\\u0438\\u0432\\u0435\\u0440\\u0441\\u0438\\u0442\\u0435\\u0442 \\u201e\\u0421\\u0432 \\u041a\\u043b\\u0438\\u043c\\u0435\\u043d\\u0442 \\u041e\\u0445\\u0440\\u0438\\u0434\\u0441\\u043a\\u0438\\\"\", \"created_at\": \"2013-08-23\", \"signed_from\": \"miimir\", \"reported_from\": 4}}]", "revision": 8}}, {"pk": 9, "model": "reversion.version", "fields": {"format": "json", "object_repr": "\u0421\u0442\u0443\u0434\u0435\u043d\u0442\u0441\u043a\u0438 \u0421\u044a\u0432\u0435\u0442", "object_id": "1", "content_type": 14, "object_id_int": 1, "type": 0, "serialized_data": "[{\"pk\": 1, \"model\": \"protocols.institution\", \"fields\": {\"name\": \"\\u0421\\u0442\\u0443\\u0434\\u0435\\u043d\\u0442\\u0441\\u043a\\u0438 \\u0421\\u044a\\u0432\\u0435\\u0442\"}}]", "revision": 9}}, {"pk": 10, "model": "reversion.version", "fields": {"format": "json", "object_repr": "6381", "object_id": "1", "content_type": 15, "object_id_int": 1, "type": 0, "serialized_data": "[{\"pk\": 1, \"model\": \"protocols.protocol\", \"fields\": {\"scheduled_time\": \"14:24:33\", \"absent\": [6], \"additional\": \"\\u0421\\u044a\\u0431\\u0440\\u0430\\u043b\\u0438 \\u0441\\u043c\\u0435 \\u0441\\u0435 \\u0434\\u043d\\u0435\\u0441, \\u0437\\u0430 \\u0434\\u0430 \\u0440\\u0435\\u0448\\u0438\\u043c \\u043a\\u0430\\u043a\\u0432\\u043e \\u0434\\u0430 \\u043f\\u0440\\u0430\\u0432\\u0438\\u043c \\u0441 \\u0442\\u0443\\u0442\\u043d\\u0438\\u0440\\u0430 \\u043f\\u043e Warcraft. \\u0417\\u0430 \\u043d\\u0435\\u0433\\u043e \\u0438\\u043c\\u0430\\u043c\\u0435 \\u0437\\u0430\\u043f\\u0438\\u0441\\u0430\\u043d\\u0438 \\u043e\\u043a\\u043e\\u043b\\u043e 150 \\u0447\\u043e\\u0432\\u0435\\u043a\\u0430.\", \"excused\": [1], \"voted_for\": 3, \"start_time\": \"14:24:50\", \"voted_abstain\": 1, \"number\": \"6381\", \"majority\": 4, \"voted_against\": 1, \"conducted_at\": \"2013-08-23\", \"information\": \"\\u041f\\u043e\\u0432\\u0435\\u0447\\u0435 \\u0438\\u043d\\u0444\\u043e\\u0440\\u043c\\u0430\\u0446\\u0438\\u044f, \\u0441\\u043c\\u044f\\u0442\\u0430\\u043c \\u0447\\u0435 \\u0435 \\u043d\\u0435\\u043d\\u0443\\u0436\\u043d\\u0430\", \"current_majority\": 3, \"attendents\": [2, 3, 5], \"institution\": 1, \"quorum\": 2}}]", "revision": 10}}, {"pk": 11, "model": "reversion.version", "fields": {"format": "json", "object_repr": "\u0417\u0430\u043b\u0430 \u0437\u0430 \u0422\u0443\u0440\u043d\u0438\u0440\u0430", "object_id": "1", "content_type": 13, "object_id_int": 1, "type": 0, "serialized_data": "[{\"pk\": 1, \"model\": \"protocols.topic\", \"fields\": {\"protocol\": 1, \"name\": \"\\u0417\\u0430\\u043b\\u0430 \\u0437\\u0430 \\u0422\\u0443\\u0440\\u043d\\u0438\\u0440\\u0430\", \"voted_abstain\": 2, \"voted_for\": 3, \"voted_against\": 1, \"statement\": \"\\u0414\\u0430\\u0432\\u0430\\u043c\\u0435 \\u0437\\u0430\\u043b\\u0430 317 \\u0438 316 \\u043e\\u0442 \\u0424\\u0430\\u043a\\u0443\\u043b\\u0442\\u0435\\u0442\\u0430 \\u043f\\u043e \\u041c\\u0430\\u0442\\u0435\\u043c\\u0430\\u0442\\u0438\\u043a\\u0430 \\u0438 \\u0418\\u043d\\u0444\\u043e\\u0440\\u043c\\u0430\\u0442\\u0438\\u043a\\u0430\", \"attachment\": []}}]", "revision": 11}}, {"pk": 12, "model": "reversion.version", "fields": {"format": "json", "object_repr": "Copy object", "object_id": "1", "content_type": 16, "object_id_int": 1, "type": 0, "serialized_data": "[{\"pk\": 1, \"model\": \"reports.copy\", \"fields\": {\"about_topic\": [1], \"for_report\": 1}}]", "revision": 12}}, {"pk": 13, "model": "reversion.version", "fields": {"format": "json", "object_repr": "Copy object", "object_id": "2", "content_type": 16, "object_id_int": 2, "type": 0, "serialized_data": "[{\"pk\": 2, \"model\": \"reports.copy\", \"fields\": {\"about_topic\": [1], \"for_report\": 1}}]", "revision": 13}}, {"pk": 14, "model": "reversion.version", "fields": {"format": "json", "object_repr": "Copy object", "object_id": "2", "content_type": 16, "object_id_int": 2, "type": 2, "serialized_data": "[{\"pk\": 2, \"model\": \"reports.copy\", \"fields\": {\"about_topic\": [1], \"for_report\": 1}}]", "revision": 14}}, {"pk": 15, "model": "reversion.version", "fields": {"format": "json", "object_repr": "filareta", "object_id": "3", "content_type": 10, "object_id_int": 3, "type": 1, "serialized_data": "[{\"pk\": 3, \"model\": \"members.user\", \"fields\": {\"username\": \"filareta\", \"first_name\": \"\", \"last_name\": \"\", \"faculty_number\": \"80330\", \"is_active\": true, \"is_superuser\": false, \"is_staff\": false, \"last_login\": \"2013-08-23T14:21:16+03:00\", \"groups\": [2], \"user_permissions\": [], \"password\": \"pbkdf2_sha256$10000$WJkxUN5h8NFq$Kysb2DGnqLqlsYczuGzyRPGo8xK6uTCtMhR8bwohHR0=\", \"email\": \"\", \"date_joined\": \"2013-08-23T14:21:16+03:00\"}}]", "revision": 15}}, {"pk": 16, "model": "reversion.version", "fields": {"format": "json", "object_repr": "radorado", "object_id": "5", "content_type": 10, "object_id_int": 5, "type": 1, "serialized_data": "[{\"pk\": 5, \"model\": \"members.user\", \"fields\": {\"username\": \"radorado\", \"first_name\": \"\", \"last_name\": \"\", \"faculty_number\": \"88201\", \"is_active\": true, \"is_superuser\": false, \"is_staff\": false, \"last_login\": \"2013-08-23T14:21:50+03:00\", \"groups\": [1, 2], \"user_permissions\": [], \"password\": \"pbkdf2_sha256$10000$QTUJp2x4qxNK$q2Pzl7PoTJ3rXmQjwHgrURShUGSKmRwLwWxNfwLVJAQ=\", \"email\": \"\", \"date_joined\": \"2013-08-23T14:21:50+03:00\"}}]", "revision": 16}}, {"pk": 17, "model": "reversion.version", "fields": {"format": "json", "object_repr": "\u0422\u0443\u0440\u043d\u0438\u0440 \u043f\u043e \u0428\u0430\u0445\u043c\u0430\u0442", "object_id": "1", "content_type": 12, "object_id_int": 1, "type": 0, "serialized_data": "[{\"pk\": 1, \"model\": \"projects.project\", \"fields\": {\"status\": \"unrevised\", \"partners\": \"\", \"attitute\": \"\", \"tasks\": \"1) 20+ \\u0428\\u0430\\u0445\\u043c\\u0430\\u0442\\u043d\\u0438 \\u0434\\u044a\\u0441\\u043a\\u0438\\r\\n2) 20+ \\u0428\\u0430\\u0445\\u043c\\u0430\\u0442\\u043d\\u0438 \\u0447\\u0430\\u0441\\u043e\\u0432\\u043d\\u0438\\u0446\\u0438\\r\\n3) \\u041c\\u0430\\u0441\\u0438\\r\\n4) \\u041a\\u0443\\u043f\\u0438\\r\\n5) \\u0413\\u0440\\u0430\\u043c\\u043e\\u0442\\u0438\", \"description\": \"\\u0416\\u0435\\u043b\\u0430\\u0435\\u043c \\u0434\\u0430 \\u043e\\u0440\\u0433\\u0430\\u043d\\u0438\\u0437\\u0438\\u0440\\u0430\\u043c\\u0435 \\u0448\\u0430\\u0445\\u043c\\u0430\\u0442\\u0435\\u043d \\u0442\\u0443\\u0440\\u043d\\u0438\\u0440 \\u0431\\u043b\\u0430 \\u0431\\u043b\\u0430 \\u0431\\u043b\\u0430.\", \"finance_description\": \"\\u0430\\u0441\\u0434\\u0430\\u0434\\u0441\\u0430\\u0434\\u0430\", \"schedule\": \"\\u0430\\u0441\\u0434\\u0430\\u0434\\u0441\\u0430\\u0434\\u0430\", \"flp\": 2, \"created_at\": \"2013-08-23\", \"target_group\": \"\\u0421\\u0442\\u0443\\u0434\\u0435\\u043d\\u0442\\u0438, \\u041f\\u0440\\u0435\\u043f\\u043e\\u0434\\u0430\\u0432\\u0430\\u0442\\u0435\\u043b\\u0438, \\u0412\\u0441\\u044f\\u043a\\u0430\\u043a\\u0432\\u0438\", \"number\": \"\", \"files\": [], \"user\": 4, \"discussed_at\": null, \"team\": [2, 4], \"targets\": \"\\u0414\\u0430 \\u0441\\u0435 \\u0441\\u0434\\u0432\\u0430\\u0442\\u044f \\u0445\\u043e\\u0440\\u0430\\u0442\\u0430 \\u0438 \\u0434\\u0430 \\u043f\\u0440\\u0435\\u043a\\u0430\\u0440\\u0430\\u0442 \\u0435\\u0434\\u0438\\u043d \\u0433\\u043e\\u0442\\u0438\\u043d \\u0441\\u043b\\u0435\\u0434\\u043e\\u0431\\u044f\\u0434 \\u0431\\u0430\\u043b \\u0431\\u043b\\u0430 \\u0431\\u043b\\u0430\", \"resources\": \"\\u0430\\u0441\\u0434\\u0430\\u0434\\u0441\\u0430\\u0434\\u0430\", \"name\": \"\\u0422\\u0443\\u0440\\u043d\\u0438\\u0440 \\u043f\\u043e \\u0428\\u0430\\u0445\\u043c\\u0430\\u0442\"}}]", "revision": 17}}, {"pk": 18, "model": "reversion.version", "fields": {"format": "json", "object_repr": "\u0422\u0443\u0440\u043d\u0438\u0440 \u043f\u043e \u043a\u043e\u0434\u0435\u043d\u0435", "object_id": "2", "content_type": 12, "object_id_int": 2, "type": 0, "serialized_data": "[{\"pk\": 2, \"model\": \"projects.project\", \"fields\": {\"status\": \"returned\", \"partners\": \"\", \"attitute\": \"\", \"tasks\": \"\\u0422\\u0443\\u0440\\u043d\\u0438\\u0440 \\u043f\\u043e \\u043a\\u043e\\u0434\\u0435\\u043d\\u0435\\u0422\\u0443\\u0440\\u043d\\u0438\\u0440 \\u043f\\u043e \\u043a\\u043e\\u0434\\u0435\\u043d\\u0435\\u0422\\u0443\\u0440\\u043d\\u0438\\u0440 \\u043f\\u043e \\u043a\\u043e\\u0434\\u0435\\u043d\\u0435\\u0422\\u0443\\u0440\\u043d\\u0438\\u0440 \\u043f\\u043e \\u043a\\u043e\\u0434\\u0435\\u043d\\u0435\\u0422\\u0443\\u0440\\u043d\\u0438\\u0440 \\u043f\\u043e \\u043a\\u043e\\u0434\\u0435\\u043d\\u0435\", \"description\": \"\\u0422\\u0443\\u0440\\u043d\\u0438\\u0440 \\u043f\\u043e \\u043a\\u043e\\u0434\\u0435\\u043d\\u0435\\u0422\\u0443\\u0440\\u043d\\u0438\\u0440 \\u043f\\u043e \\u043a\\u043e\\u0434\\u0435\\u043d\\u0435\\u0422\\u0443\\u0440\\u043d\\u0438\\u0440 \\u043f\\u043e \\u043a\\u043e\\u0434\\u0435\\u043d\\u0435\\u0422\\u0443\\u0440\\u043d\\u0438\\u0440 \\u043f\\u043e \\u043a\\u043e\\u0434\\u0435\\u043d\\u0435\\u0422\\u0443\\u0440\\u043d\\u0438\\u0440 \\u043f\\u043e \\u043a\\u043e\\u0434\\u0435\\u043d\\u0435\\u0422\\u0443\\u0440\\u043d\\u0438\\u0440 \\u043f\\u043e \\u043a\\u043e\\u0434\\u0435\\u043d\\u0435\\u0422\\u0443\\u0440\\u043d\\u0438\\u0440 \\u043f\\u043e \\u043a\\u043e\\u0434\\u0435\\u043d\\u0435\\u0422\\u0443\\u0440\\u043d\\u0438\\u0440 \\u043f\\u043e \\u043a\\u043e\\u0434\\u0435\\u043d\\u0435\\u0422\\u0443\\u0440\\u043d\\u0438\\u0440 \\u043f\\u043e \\u043a\\u043e\\u0434\\u0435\\u043d\\u0435\", \"finance_description\": \"\\u0422\\u0443\\u0440\\u043d\\u0438\\u0440 \\u043f\\u043e \\u043a\\u043e\\u0434\\u0435\\u043d\\u0435\\u0422\\u0443\\u0440\\u043d\\u0438\\u0440 \\u043f\\u043e \\u043a\\u043e\\u0434\\u0435\\u043d\\u0435\\u0422\\u0443\\u0440\\u043d\\u0438\\u0440 \\u043f\\u043e \\u043a\\u043e\\u0434\\u0435\\u043d\\u0435\\u0422\\u0443\\u0440\\u043d\\u0438\\u0440 \\u043f\\u043e \\u043a\\u043e\\u0434\\u0435\\u043d\\u0435\\u0422\\u0443\\u0440\\u043d\\u0438\\u0440 \\u043f\\u043e \\u043a\\u043e\\u0434\\u0435\\u043d\\u0435\\u0422\\u0443\\u0440\\u043d\\u0438\\u0440 \\u043f\\u043e \\u043a\\u043e\\u0434\\u0435\\u043d\\u0435\\u0422\\u0443\\u0440\\u043d\\u0438\\u0440 \\u043f\\u043e \\u043a\\u043e\\u0434\\u0435\\u043d\\u0435\\u0422\\u0443\\u0440\\u043d\\u0438\\u0440 \\u043f\\u043e \\u043a\\u043e\\u0434\\u0435\\u043d\\u0435\\u0422\\u0443\\u0440\\u043d\\u0438\\u0440 \\u043f\\u043e \\u043a\\u043e\\u0434\\u0435\\u043d\\u0435\\u0422\\u0443\\u0440\\u043d\\u0438\\u0440 \\u043f\\u043e \\u043a\\u043e\\u0434\\u0435\\u043d\\u0435\\u0422\\u0443\\u0440\\u043d\\u0438\\u0440 \\u043f\\u043e \\u043a\\u043e\\u0434\\u0435\\u043d\\u0435\\u0422\\u0443\\u0440\\u043d\\u0438\\u0440 \\u043f\\u043e \\u043a\\u043e\\u0434\\u0435\\u043d\\u0435\\u0422\\u0443\\u0440\\u043d\\u0438\\u0440 \\u043f\\u043e \\u043a\\u043e\\u0434\\u0435\\u043d\\u0435\\u0422\\u0443\\u0440\\u043d\\u0438\\u0440 \\u043f\\u043e \\u043a\\u043e\\u0434\\u0435\\u043d\\u0435\\u0422\\u0443\\u0440\\u043d\\u0438\\u0440 \\u043f\\u043e \\u043a\\u043e\\u0434\\u0435\\u043d\\u0435\\u0422\\u0443\\u0440\\u043d\\u0438\\u0440 \\u043f\\u043e \\u043a\\u043e\\u0434\\u0435\\u043d\\u0435\\u0422\\u0443\\u0440\\u043d\\u0438\\u0440 \\u043f\\u043e \\u043a\\u043e\\u0434\\u0435\\u043d\\u0435\", \"schedule\": \"\\u0422\\u0443\\u0440\\u043d\\u0438\\u0440 \\u043f\\u043e \\u043a\\u043e\\u0434\\u0435\\u043d\\u0435\\u0422\\u0443\\u0440\\u043d\\u0438\\u0440 \\u043f\\u043e \\u043a\\u043e\\u0434\\u0435\\u043d\\u0435\\u0422\\u0443\\u0440\\u043d\\u0438\\u0440 \\u043f\\u043e \\u043a\\u043e\\u0434\\u0435\\u043d\\u0435\\u0422\\u0443\\u0440\\u043d\\u0438\\u0440 \\u043f\\u043e \\u043a\\u043e\\u0434\\u0435\\u043d\\u0435\\u0422\\u0443\\u0440\\u043d\\u0438\\u0440 \\u043f\\u043e \\u043a\\u043e\\u0434\\u0435\\u043d\\u0435\\u0422\\u0443\\u0440\\u043d\\u0438\\u0440 \\u043f\\u043e \\u043a\\u043e\\u0434\\u0435\\u043d\\u0435\\u0422\\u0443\\u0440\\u043d\\u0438\\u0440 \\u043f\\u043e \\u043a\\u043e\\u0434\\u0435\\u043d\\u0435\\u0422\\u0443\\u0440\\u043d\\u0438\\u0440 \\u043f\\u043e \\u043a\\u043e\\u0434\\u0435\\u043d\\u0435\", \"flp\": 4, \"created_at\": \"2013-08-23\", \"target_group\": \"\\u0422\\u0443\\u0440\\u043d\\u0438\\u0440 \\u043f\\u043e \\u043a\\u043e\\u0434\\u0435\\u043d\\u0435\\u0422\\u0443\\u0440\\u043d\\u0438\\u0440 \\u043f\\u043e \\u043a\\u043e\\u0434\\u0435\\u043d\\u0435\\u0422\\u0443\\u0440\\u043d\\u0438\\u0440 \\u043f\\u043e \\u043a\\u043e\\u0434\\u0435\\u043d\\u0435\\u0422\\u0443\\u0440\\u043d\\u0438\\u0440 \\u043f\\u043e \\u043a\\u043e\\u0434\\u0435\\u043d\\u0435\\u0422\\u0443\\u0440\\u043d\\u0438\\u0440 \\u043f\\u043e \\u043a\\u043e\\u0434\\u0435\\u043d\\u0435\\u0422\\u0443\\u0440\\u043d\\u0438\\u0440 \\u043f\\u043e \\u043a\\u043e\\u0434\\u0435\\u043d\\u0435\", \"number\": \"\", \"files\": [], \"user\": 3, \"discussed_at\": null, \"team\": [1, 2, 4, 6, 7, 3, 5], \"targets\": \"\\u0422\\u0443\\u0440\\u043d\\u0438\\u0440 \\u043f\\u043e \\u043a\\u043e\\u0434\\u0435\\u043d\\u0435\\u0422\\u0443\\u0440\\u043d\\u0438\\u0440 \\u043f\\u043e \\u043a\\u043e\\u0434\\u0435\\u043d\\u0435\\u0422\\u0443\\u0440\\u043d\\u0438\\u0440 \\u043f\\u043e \\u043a\\u043e\\u0434\\u0435\\u043d\\u0435\\u0422\\u0443\\u0440\\u043d\\u0438\\u0440 \\u043f\\u043e \\u043a\\u043e\\u0434\\u0435\\u043d\\u0435\\u0422\\u0443\\u0440\\u043d\\u0438\\u0440 \\u043f\\u043e \\u043a\\u043e\\u0434\\u0435\\u043d\\u0435\\u0422\\u0443\\u0440\\u043d\\u0438\\u0440 \\u043f\\u043e \\u043a\\u043e\\u0434\\u0435\\u043d\\u0435\\u0422\\u0443\\u0440\\u043d\\u0438\\u0440 \\u043f\\u043e \\u043a\\u043e\\u0434\\u0435\\u043d\\u0435\\u0422\\u0443\\u0440\\u043d\\u0438\\u0440 \\u043f\\u043e \\u043a\\u043e\\u0434\\u0435\\u043d\\u0435\", \"resources\": \"\\u0422\\u0443\\u0440\\u043d\\u0438\\u0440 \\u043f\\u043e \\u043a\\u043e\\u0434\\u0435\\u043d\\u0435\\u0422\\u0443\\u0440\\u043d\\u0438\\u0440 \\u043f\\u043e \\u043a\\u043e\\u0434\\u0435\\u043d\\u0435\\u0422\\u0443\\u0440\\u043d\\u0438\\u0440 \\u043f\\u043e \\u043a\\u043e\\u0434\\u0435\\u043d\\u0435\\u0422\\u0443\\u0440\\u043d\\u0438\\u0440 \\u043f\\u043e \\u043a\\u043e\\u0434\\u0435\\u043d\\u0435\\u0422\\u0443\\u0440\\u043d\\u0438\\u0440 \\u043f\\u043e \\u043a\\u043e\\u0434\\u0435\\u043d\\u0435\\u0422\\u0443\\u0440\\u043d\\u0438\\u0440 \\u043f\\u043e \\u043a\\u043e\\u0434\\u0435\\u043d\\u0435\\u0422\\u0443\\u0440\\u043d\\u0438\\u0440 \\u043f\\u043e \\u043a\\u043e\\u0434\\u0435\\u043d\\u0435\\u0422\\u0443\\u0440\\u043d\\u0438\\u0440 \\u043f\\u043e \\u043a\\u043e\\u0434\\u0435\\u043d\\u0435\\u0422\\u0443\\u0440\\u043d\\u0438\\u0440 \\u043f\\u043e \\u043a\\u043e\\u0434\\u0435\\u043d\\u0435\\u0422\\u0443\\u0440\\u043d\\u0438\\u0440 \\u043f\\u043e \\u043a\\u043e\\u0434\\u0435\\u043d\\u0435\\u0422\\u0443\\u0440\\u043d\\u0438\\u0440 \\u043f\\u043e \\u043a\\u043e\\u0434\\u0435\\u043d\\u0435\", \"name\": \"\\u0422\\u0443\\u0440\\u043d\\u0438\\u0440 \\u043f\\u043e \\u043a\\u043e\\u0434\\u0435\\u043d\\u0435\"}}]", "revision": 18}}, {"pk": 19, "model": "reversion.version", "fields": {"format": "json", "object_repr": "\u0410\u0437 \u0441\u044a\u043c \u043e\u0434\u043e\u0431\u0440\u0435\u043d", "object_id": "3", "content_type": 12, "object_id_int": 3, "type": 0, "serialized_data": "[{\"pk\": 3, \"model\": \"projects.project\", \"fields\": {\"status\": \"approved\", \"partners\": \"\", \"attitute\": \"\", \"tasks\": \"\\u041d\\u0415\\u0429\\u041e \\u0421\\u0418\\u041d\\u0415\\u0429\\u041e \\u0421\\u0418\\u041d\\u0415\\u0429\\u041e \\u0421\\u0418\\u041d\\u0415\\u0429\\u041e \\u0421\\u0418\\u041d\\u0415\\u0429\\u041e \\u0421\\u0418\\u041d\\u0415\\u0429\\u041e \\u0421\\u0418\\u041d\\u0415\\u0429\\u041e \\u0421\\u0418\\u041d\\u0415\\u0429\\u041e \\u0421\\u0418\\u041d\\u0415\\u0429\\u041e \\u0421\\u0418\\u041d\\u0415\\u0429\\u041e \\u0421\\u0418\\u041d\\u0415\\u0429\\u041e \\u0421\\u0418\\u041d\\u0415\\u0429\\u041e \\u0421\\u0418\\u041d\\u0415\\u0429\\u041e \\u0421\\u0418\\u041d\\u0415\\u0429\\u041e \\u0421\\u0418\\u041d\\u0415\\u0429\\u041e \\u0421\\u0418\", \"description\": \"\\u041d\\u0415\\u0429\\u041e \\u0421\\u0418\\u041d\\u0415\\u0429\\u041e \\u0421\\u0418\\u041d\\u0415\\u0429\\u041e \\u0421\\u0418\\u041d\\u0415\\u0429\\u041e \\u0421\\u0418\\u041d\\u0415\\u0429\\u041e \\u0421\\u0418\\u041d\\u0415\\u0429\\u041e \\u0421\\u0418\\u041d\\u0415\\u0429\\u041e \\u0421\\u0418\\u041d\\u0415\\u0429\\u041e \\u0421\\u0418\\u041d\\u0415\\u0429\\u041e \\u0421\\u0418\\u041d\\u0415\\u0429\\u041e \\u0421\\u0418\\u041d\\u0415\\u0429\\u041e \\u0421\\u0418\\u041d\\u0415\\u0429\\u041e \\u0421\\u0418\\u041d\\u0415\\u0429\\u041e \\u0421\\u0418\\u041d\\u0415\\u0429\\u041e \\u0421\\u0418\\u041d\\u0415\\u0429\\u041e \\u0421\\u0418\\u041d\\u0415\\u0429\\u041e \\u0421\\u0418\\u041d\\u0415\\u0429\\u041e \\u0421\\u0418\\u041d\\u0415\\u0429\\u041e \\u0421\\u0418\", \"finance_description\": \"\\u041d\\u0415\\u0429\\u041e \\u0421\\u0418\\u041d\\u0415\\u0429\\u041e \\u0421\\u0418\\u041d\\u0415\\u0429\\u041e \\u0421\\u0418\\u041d\\u0415\\u0429\\u041e \\u0421\\u0418\\u041d\\u0415\\u0429\\u041e \\u0421\\u0418\\u041d\\u0415\\u0429\\u041e \\u0421\\u0418\\u041d\\u0415\\u0429\\u041e \\u0421\\u0418\\u041d\\u0415\\u0429\\u041e \\u0421\\u0418\\u041d\\u0415\\u0429\\u041e \\u0421\\u0418\\u041d\\u0415\\u0429\\u041e \\u0421\\u0418\\u041d\\u0415\\u0429\\u041e \\u0421\\u0418\\u041d\\u0415\\u0429\\u041e \\u0421\\u0418\\u041d\\u0415\\u0429\\u041e \\u0421\\u0418\\u041d\\u0415\\u0429\\u041e \\u0421\\u0418\\u041d\\u0415\\u0429\\u041e \\u0421\\u0418\\u041d\\u0415\\u0429\\u041e \\u0421\\u0418\\u041d\\u0415\\u0429\\u041e \\u0421\\u0418\\u041d\\u0415\\u0429\\u041e \\u0421\\u0418\\u041d\\u0415\\u0429\\u041e \\u0421\\u0418\\u041d\\u0415\\u0429\\u041e \\u0421\\u0418\\u041d\\u0415\\u0429\\u041e \\u0421\\u0418\", \"schedule\": \"\\u041d\\u0415\\u0429\\u041e \\u0421\\u0418\\u041d\\u0415\\u0429\\u041e \\u0421\\u0418\\u041d\\u0415\\u0429\\u041e \\u0421\\u0418\\u041d\\u0415\\u0429\\u041e \\u0421\\u0418\\u041d\\u0415\\u0429\\u041e \\u0421\\u0418\\u041d\\u0415\\u0429\\u041e \\u0421\\u0418\\u041d\\u0415\\u0429\\u041e \\u0421\\u0418\\u041d\\u0415\\u0429\\u041e \\u0421\\u0418\\u041d\\u0415\\u0429\\u041e \\u0421\\u0418\\u041d\\u0415\\u0429\\u041e \\u0421\\u0418\\u041d\\u0415\\u0429\\u041e \\u0421\\u0418\\u041d\\u0415\\u0429\\u041e \\u0421\\u0418\\u041d\\u0415\\u0429\\u041e \\u0421\\u0418\\u041d\\u0415\\u0429\\u041e \\u0421\\u0418\\u041d\\u0415\\u0429\\u041e \\u0421\\u0418\\u041d\\u0415\\u0429\\u041e \\u0421\\u0418\\u041d\\u0415\\u0429\\u041e \\u0421\\u0418\", \"flp\": 2, \"created_at\": \"2013-08-23\", \"target_group\": \"\\u041d\\u0415\\u0429\\u041e \\u0421\\u0418\\u041d\\u0415\\u0429\\u041e \\u0421\\u0418\\u041d\\u0415\\u0429\\u041e \\u0421\\u0418\\u041d\\u0415\\u0429\\u041e \\u0421\\u0418\\u041d\\u0415\\u0429\\u041e \\u0421\\u0418\\u041d\\u0415\\u0429\\u041e \\u0421\\u0418\\u041d\\u0415\\u0429\\u041e \\u0421\\u0418\\u041d\\u0415\\u0429\\u041e \\u0421\\u0418\\u041d\\u0415\\u0429\\u041e \\u0421\\u0418\\u041d\\u0415\\u0429\\u041e \\u0421\\u0418\\u041d\\u0415\\u0429\\u041e \\u0421\\u0418\\u041d\\u0415\\u0429\\u041e \\u0421\\u0418\\u041d\\u0415\\u0429\\u041e \\u0421\\u0418\\u041d\\u0415\\u0429\\u041e \\u0421\\u0418\\u041d\\u0415\\u0429\\u041e \\u0421\\u0418\\u041d\\u0415\\u0429\\u041e \\u0421\\u0418\\u0436\\u0436\", \"number\": \"\", \"files\": [], \"user\": 6, \"discussed_at\": null, \"team\": [1, 2, 4], \"targets\": \"\\u041d\\u0415\\u0429\\u041e \\u0421\\u0418\\u041d\\u0415\\u0429\\u041e \\u0421\\u0418\\u041d\\u0415\\u0429\\u041e \\u0421\\u0418\\u041d\\u0415\\u0429\\u041e \\u0421\\u0418\\u041d\\u0415\\u0429\\u041e \\u0421\\u0418\\u041d\\u0415\\u0429\\u041e \\u0421\\u0418\\u041d\\u0415\\u0429\\u041e \\u0421\\u0418\\u041d\\u0415\\u0429\\u041e \\u0421\\u0418\\u041d\\u0415\\u0429\\u041e \\u0421\\u0418\\u041d\\u0415\\u0429\\u041e \\u0421\\u0418\\u041d\\u0415\\u0429\\u041e \\u0421\\u0418\\u041d\\u0415\\u0429\\u041e \\u0421\\u0418\\u041d\\u0415\\u0429\\u041e \\u0421\\u0418\\u041d\\u0415\\u0429\\u041e \\u0421\\u0418\\u041d\\u0415\\u0429\\u041e \\u0421\\u0418\\u041d\\u0415\\u0429\\u041e \\u0421\\u0418\\u041d\\u0415\\u0429\\u041e \\u0421\\u0418\", \"resources\": \"\\u041d\\u0415\\u0429\\u041e \\u0421\\u0418\\u041d\\u0415\\u0429\\u041e \\u0421\\u0418\\u041d\\u0415\\u0429\\u041e \\u0421\\u0418\\u041d\\u0415\\u0429\\u041e \\u0421\\u0418\\u041d\\u0415\\u0429\\u041e \\u0421\\u0418\\u041d\\u0415\\u0429\\u041e \\u0421\\u0418\\u041d\\u0415\\u0429\\u041e \\u0421\\u0418\\u041d\\u0415\\u0429\\u041e \\u0421\\u0418\\u041d\\u0415\\u0429\\u041e \\u0421\\u0418\\u041d\\u0415\\u0429\\u041e \\u0421\\u0418\\u041d\\u0415\\u0429\\u041e \\u0421\\u0418\\u041d\\u0415\\u0429\\u041e \\u0421\\u0418\\u041d\\u0415\\u0429\\u041e \\u0421\\u0418\\u041d\\u0415\\u0429\\u041e \\u0421\\u0418\\u041d\\u0415\\u0429\\u041e \\u0421\\u0418\\u041d\\u0415\\u0429\\u041e \\u0421\\u0418\\u041d\\u0415\\u0429\\u041e \\u0421\\u0418\\u041d\\u0415\\u0429\\u041e \\u0421\\u0418\\u041d\\u0415\\u0429\\u041e \\u0421\\u0418\", \"name\": \"\\u0410\\u0437 \\u0441\\u044a\\u043c \\u043e\\u0434\\u043e\\u0431\\u0440\\u0435\\u043d\"}}]", "revision": 19}}, {"pk": 20, "model": "reversion.version", "fields": {"format": "json", "object_repr": "\u0410\u0437 \u0441\u044a\u043c \u043e\u0434\u043e\u0431\u0440\u0435\u043d", "object_id": "4", "content_type": 12, "object_id_int": 4, "type": 0, "serialized_data": "[{\"pk\": 4, \"model\": \"projects.project\", \"fields\": {\"status\": \"approved\", \"partners\": \"\", \"attitute\": \"\", \"tasks\": \"\\u041d\\u0415\\u0429\\u041e \\u0421\\u0418\\u041d\\u0415\\u0429\\u041e \\u0421\\u0418\\u041d\\u0415\\u0429\\u041e \\u0421\\u0418\\u041d\\u0415\\u0429\\u041e \\u0421\\u0418\\u041d\\u0415\\u0429\\u041e \\u0421\\u0418\\u041d\\u0415\\u0429\\u041e \\u0421\\u0418\\u041d\\u0415\\u0429\\u041e \\u0421\\u0418\\u041d\\u0415\\u0429\\u041e \\u0421\\u0418\\u041d\\u0415\\u0429\\u041e \\u0421\\u0418\\u041d\\u0415\\u0429\\u041e \\u0421\\u0418\\u041d\\u0415\\u0429\\u041e \\u0421\\u0418\\u041d\\u0415\\u0429\\u041e \\u0421\\u0418\\u041d\\u0415\\u0429\\u041e \\u0421\\u0418\\u041d\\u0415\\u0429\\u041e \\u0421\\u0418\\u041d\\u0415\\u0429\\u041e \\u0421\\u0418\", \"description\": \"\\u041d\\u0415\\u0429\\u041e \\u0421\\u0418\\u041d\\u0415\\u0429\\u041e \\u0421\\u0418\\u041d\\u0415\\u0429\\u041e \\u0421\\u0418\\u041d\\u0415\\u0429\\u041e \\u0421\\u0418\\u041d\\u0415\\u0429\\u041e \\u0421\\u0418\\u041d\\u0415\\u0429\\u041e \\u0421\\u0418\\u041d\\u0415\\u0429\\u041e \\u0421\\u0418\\u041d\\u0415\\u0429\\u041e \\u0421\\u0418\\u041d\\u0415\\u0429\\u041e \\u0421\\u0418\\u041d\\u0415\\u0429\\u041e \\u0421\\u0418\\u041d\\u0415\\u0429\\u041e \\u0421\\u0418\\u041d\\u0415\\u0429\\u041e \\u0421\\u0418\\u041d\\u0415\\u0429\\u041e \\u0421\\u0418\\u041d\\u0415\\u0429\\u041e \\u0421\\u0418\\u041d\\u0415\\u0429\\u041e \\u0421\\u0418\\u041d\\u0415\\u0429\\u041e \\u0421\\u0418\\u041d\\u0415\\u0429\\u041e \\u0421\\u0418\\u041d\\u0415\\u0429\\u041e \\u0421\\u0418\", \"finance_description\": \"\\u041d\\u0415\\u0429\\u041e \\u0421\\u0418\\u041d\\u0415\\u0429\\u041e \\u0421\\u0418\\u041d\\u0415\\u0429\\u041e \\u0421\\u0418\\u041d\\u0415\\u0429\\u041e \\u0421\\u0418\\u041d\\u0415\\u0429\\u041e \\u0421\\u0418\\u041d\\u0415\\u0429\\u041e \\u0421\\u0418\\u041d\\u0415\\u0429\\u041e \\u0421\\u0418\\u041d\\u0415\\u0429\\u041e \\u0421\\u0418\\u041d\\u0415\\u0429\\u041e \\u0421\\u0418\\u041d\\u0415\\u0429\\u041e \\u0421\\u0418\\u041d\\u0415\\u0429\\u041e \\u0421\\u0418\\u041d\\u0415\\u0429\\u041e \\u0421\\u0418\\u041d\\u0415\\u0429\\u041e \\u0421\\u0418\\u041d\\u0415\\u0429\\u041e \\u0421\\u0418\\u041d\\u0415\\u0429\\u041e \\u0421\\u0418\\u041d\\u0415\\u0429\\u041e \\u0421\\u0418\\u041d\\u0415\\u0429\\u041e \\u0421\\u0418\\u041d\\u0415\\u0429\\u041e \\u0421\\u0418\\u041d\\u0415\\u0429\\u041e \\u0421\\u0418\\u041d\\u0415\\u0429\\u041e \\u0421\\u0418\\u041d\\u0415\\u0429\\u041e \\u0421\\u0418\", \"schedule\": \"\\u041d\\u0415\\u0429\\u041e \\u0421\\u0418\\u041d\\u0415\\u0429\\u041e \\u0421\\u0418\\u041d\\u0415\\u0429\\u041e \\u0421\\u0418\\u041d\\u0415\\u0429\\u041e \\u0421\\u0418\\u041d\\u0415\\u0429\\u041e \\u0421\\u0418\\u041d\\u0415\\u0429\\u041e \\u0421\\u0418\\u041d\\u0415\\u0429\\u041e \\u0421\\u0418\\u041d\\u0415\\u0429\\u041e \\u0421\\u0418\\u041d\\u0415\\u0429\\u041e \\u0421\\u0418\\u041d\\u0415\\u0429\\u041e \\u0421\\u0418\\u041d\\u0415\\u0429\\u041e \\u0421\\u0418\\u041d\\u0415\\u0429\\u041e \\u0421\\u0418\\u041d\\u0415\\u0429\\u041e \\u0421\\u0418\\u041d\\u0415\\u0429\\u041e \\u0421\\u0418\\u041d\\u0415\\u0429\\u041e \\u0421\\u0418\\u041d\\u0415\\u0429\\u041e \\u0421\\u0418\\u041d\\u0415\\u0429\\u041e \\u0421\\u0418\", \"flp\": 2, \"created_at\": \"2013-08-23\", \"target_group\": \"\\u041d\\u0415\\u0429\\u041e \\u0421\\u0418\\u041d\\u0415\\u0429\\u041e \\u0421\\u0418\\u041d\\u0415\\u0429\\u041e \\u0421\\u0418\\u041d\\u0415\\u0429\\u041e \\u0421\\u0418\\u041d\\u0415\\u0429\\u041e \\u0421\\u0418\\u041d\\u0415\\u0429\\u041e \\u0421\\u0418\\u041d\\u0415\\u0429\\u041e \\u0421\\u0418\\u041d\\u0415\\u0429\\u041e \\u0421\\u0418\\u041d\\u0415\\u0429\\u041e \\u0421\\u0418\\u041d\\u0415\\u0429\\u041e \\u0421\\u0418\\u041d\\u0415\\u0429\\u041e \\u0421\\u0418\\u041d\\u0415\\u0429\\u041e \\u0421\\u0418\\u041d\\u0415\\u0429\\u041e \\u0421\\u0418\\u041d\\u0415\\u0429\\u041e \\u0421\\u0418\\u041d\\u0415\\u0429\\u041e \\u0421\\u0418\\u041d\\u0415\\u0429\\u041e \\u0421\\u0418\\u0436\\u0436\", \"number\": \"\", \"files\": [], \"user\": 6, \"discussed_at\": null, \"team\": [1, 2, 4], \"targets\": \"\\u041d\\u0415\\u0429\\u041e \\u0421\\u0418\\u041d\\u0415\\u0429\\u041e \\u0421\\u0418\\u041d\\u0415\\u0429\\u041e \\u0421\\u0418\\u041d\\u0415\\u0429\\u041e \\u0421\\u0418\\u041d\\u0415\\u0429\\u041e \\u0421\\u0418\\u041d\\u0415\\u0429\\u041e \\u0421\\u0418\\u041d\\u0415\\u0429\\u041e \\u0421\\u0418\\u041d\\u0415\\u0429\\u041e \\u0421\\u0418\\u041d\\u0415\\u0429\\u041e \\u0421\\u0418\\u041d\\u0415\\u0429\\u041e \\u0421\\u0418\\u041d\\u0415\\u0429\\u041e \\u0421\\u0418\\u041d\\u0415\\u0429\\u041e \\u0421\\u0418\\u041d\\u0415\\u0429\\u041e \\u0421\\u0418\\u041d\\u0415\\u0429\\u041e \\u0421\\u0418\\u041d\\u0415\\u0429\\u041e \\u0421\\u0418\\u041d\\u0415\\u0429\\u041e \\u0421\\u0418\\u041d\\u0415\\u0429\\u041e \\u0421\\u0418\", \"resources\": \"\\u041d\\u0415\\u0429\\u041e \\u0421\\u0418\\u041d\\u0415\\u0429\\u041e \\u0421\\u0418\\u041d\\u0415\\u0429\\u041e \\u0421\\u0418\\u041d\\u0415\\u0429\\u041e \\u0421\\u0418\\u041d\\u0415\\u0429\\u041e \\u0421\\u0418\\u041d\\u0415\\u0429\\u041e \\u0421\\u0418\\u041d\\u0415\\u0429\\u041e \\u0421\\u0418\\u041d\\u0415\\u0429\\u041e \\u0421\\u0418\\u041d\\u0415\\u0429\\u041e \\u0421\\u0418\\u041d\\u0415\\u0429\\u041e \\u0421\\u0418\\u041d\\u0415\\u0429\\u041e \\u0421\\u0418\\u041d\\u0415\\u0429\\u041e \\u0421\\u0418\\u041d\\u0415\\u0429\\u041e \\u0421\\u0418\\u041d\\u0415\\u0429\\u041e \\u0421\\u0418\\u041d\\u0415\\u0429\\u041e \\u0421\\u0418\\u041d\\u0415\\u0429\\u041e \\u0421\\u0418\\u041d\\u0415\\u0429\\u041e \\u0421\\u0418\\u041d\\u0415\\u0429\\u041e \\u0421\\u0418\\u041d\\u0415\\u0429\\u041e \\u0421\\u0418\", \"name\": \"\\u0410\\u0437 \\u0441\\u044a\\u043c \\u043e\\u0434\\u043e\\u0431\\u0440\\u0435\\u043d\"}}]", "revision": 20}}, {"pk": 21, "model": "reversion.version", "fields": {"format": "json", "object_repr": "\u0410\u0437 \u0441\u044a\u043c \u043e\u0434\u043e\u0431\u0440\u0435\u043d", "object_id": "3", "content_type": 12, "object_id_int": 3, "type": 2, "serialized_data": "[{\"pk\": 3, \"model\": \"projects.project\", \"fields\": {\"status\": \"approved\", \"partners\": \"\", \"attitute\": \"\", \"tasks\": \"\\u041d\\u0415\\u0429\\u041e \\u0421\\u0418\\u041d\\u0415\\u0429\\u041e \\u0421\\u0418\\u041d\\u0415\\u0429\\u041e \\u0421\\u0418\\u041d\\u0415\\u0429\\u041e \\u0421\\u0418\\u041d\\u0415\\u0429\\u041e \\u0421\\u0418\\u041d\\u0415\\u0429\\u041e \\u0421\\u0418\\u041d\\u0415\\u0429\\u041e \\u0421\\u0418\\u041d\\u0415\\u0429\\u041e \\u0421\\u0418\\u041d\\u0415\\u0429\\u041e \\u0421\\u0418\\u041d\\u0415\\u0429\\u041e \\u0421\\u0418\\u041d\\u0415\\u0429\\u041e \\u0421\\u0418\\u041d\\u0415\\u0429\\u041e \\u0421\\u0418\\u041d\\u0415\\u0429\\u041e \\u0421\\u0418\\u041d\\u0415\\u0429\\u041e \\u0421\\u0418\\u041d\\u0415\\u0429\\u041e \\u0421\\u0418\", \"description\": \"\\u041d\\u0415\\u0429\\u041e \\u0421\\u0418\\u041d\\u0415\\u0429\\u041e \\u0421\\u0418\\u041d\\u0415\\u0429\\u041e \\u0421\\u0418\\u041d\\u0415\\u0429\\u041e \\u0421\\u0418\\u041d\\u0415\\u0429\\u041e \\u0421\\u0418\\u041d\\u0415\\u0429\\u041e \\u0421\\u0418\\u041d\\u0415\\u0429\\u041e \\u0421\\u0418\\u041d\\u0415\\u0429\\u041e \\u0421\\u0418\\u041d\\u0415\\u0429\\u041e \\u0421\\u0418\\u041d\\u0415\\u0429\\u041e \\u0421\\u0418\\u041d\\u0415\\u0429\\u041e \\u0421\\u0418\\u041d\\u0415\\u0429\\u041e \\u0421\\u0418\\u041d\\u0415\\u0429\\u041e \\u0421\\u0418\\u041d\\u0415\\u0429\\u041e \\u0421\\u0418\\u041d\\u0415\\u0429\\u041e \\u0421\\u0418\\u041d\\u0415\\u0429\\u041e \\u0421\\u0418\\u041d\\u0415\\u0429\\u041e \\u0421\\u0418\\u041d\\u0415\\u0429\\u041e \\u0421\\u0418\", \"finance_description\": \"\\u041d\\u0415\\u0429\\u041e \\u0421\\u0418\\u041d\\u0415\\u0429\\u041e \\u0421\\u0418\\u041d\\u0415\\u0429\\u041e \\u0421\\u0418\\u041d\\u0415\\u0429\\u041e \\u0421\\u0418\\u041d\\u0415\\u0429\\u041e \\u0421\\u0418\\u041d\\u0415\\u0429\\u041e \\u0421\\u0418\\u041d\\u0415\\u0429\\u041e \\u0421\\u0418\\u041d\\u0415\\u0429\\u041e \\u0421\\u0418\\u041d\\u0415\\u0429\\u041e \\u0421\\u0418\\u041d\\u0415\\u0429\\u041e \\u0421\\u0418\\u041d\\u0415\\u0429\\u041e \\u0421\\u0418\\u041d\\u0415\\u0429\\u041e \\u0421\\u0418\\u041d\\u0415\\u0429\\u041e \\u0421\\u0418\\u041d\\u0415\\u0429\\u041e \\u0421\\u0418\\u041d\\u0415\\u0429\\u041e \\u0421\\u0418\\u041d\\u0415\\u0429\\u041e \\u0421\\u0418\\u041d\\u0415\\u0429\\u041e \\u0421\\u0418\\u041d\\u0415\\u0429\\u041e \\u0421\\u0418\\u041d\\u0415\\u0429\\u041e \\u0421\\u0418\\u041d\\u0415\\u0429\\u041e \\u0421\\u0418\\u041d\\u0415\\u0429\\u041e \\u0421\\u0418\", \"schedule\": \"\\u041d\\u0415\\u0429\\u041e \\u0421\\u0418\\u041d\\u0415\\u0429\\u041e \\u0421\\u0418\\u041d\\u0415\\u0429\\u041e \\u0421\\u0418\\u041d\\u0415\\u0429\\u041e \\u0421\\u0418\\u041d\\u0415\\u0429\\u041e \\u0421\\u0418\\u041d\\u0415\\u0429\\u041e \\u0421\\u0418\\u041d\\u0415\\u0429\\u041e \\u0421\\u0418\\u041d\\u0415\\u0429\\u041e \\u0421\\u0418\\u041d\\u0415\\u0429\\u041e \\u0421\\u0418\\u041d\\u0415\\u0429\\u041e \\u0421\\u0418\\u041d\\u0415\\u0429\\u041e \\u0421\\u0418\\u041d\\u0415\\u0429\\u041e \\u0421\\u0418\\u041d\\u0415\\u0429\\u041e \\u0421\\u0418\\u041d\\u0415\\u0429\\u041e \\u0421\\u0418\\u041d\\u0415\\u0429\\u041e \\u0421\\u0418\\u041d\\u0415\\u0429\\u041e \\u0421\\u0418\\u041d\\u0415\\u0429\\u041e \\u0421\\u0418\", \"flp\": 2, \"created_at\": \"2013-08-23\", \"target_group\": \"\\u041d\\u0415\\u0429\\u041e \\u0421\\u0418\\u041d\\u0415\\u0429\\u041e \\u0421\\u0418\\u041d\\u0415\\u0429\\u041e \\u0421\\u0418\\u041d\\u0415\\u0429\\u041e \\u0421\\u0418\\u041d\\u0415\\u0429\\u041e \\u0421\\u0418\\u041d\\u0415\\u0429\\u041e \\u0421\\u0418\\u041d\\u0415\\u0429\\u041e \\u0421\\u0418\\u041d\\u0415\\u0429\\u041e \\u0421\\u0418\\u041d\\u0415\\u0429\\u041e \\u0421\\u0418\\u041d\\u0415\\u0429\\u041e \\u0421\\u0418\\u041d\\u0415\\u0429\\u041e \\u0421\\u0418\\u041d\\u0415\\u0429\\u041e \\u0421\\u0418\\u041d\\u0415\\u0429\\u041e \\u0421\\u0418\\u041d\\u0415\\u0429\\u041e \\u0421\\u0418\\u041d\\u0415\\u0429\\u041e \\u0421\\u0418\\u041d\\u0415\\u0429\\u041e \\u0421\\u0418\\u0436\\u0436\", \"number\": \"\", \"files\": [], \"user\": 6, \"discussed_at\": null, \"team\": [1, 2, 4], \"targets\": \"\\u041d\\u0415\\u0429\\u041e \\u0421\\u0418\\u041d\\u0415\\u0429\\u041e \\u0421\\u0418\\u041d\\u0415\\u0429\\u041e \\u0421\\u0418\\u041d\\u0415\\u0429\\u041e \\u0421\\u0418\\u041d\\u0415\\u0429\\u041e \\u0421\\u0418\\u041d\\u0415\\u0429\\u041e \\u0421\\u0418\\u041d\\u0415\\u0429\\u041e \\u0421\\u0418\\u041d\\u0415\\u0429\\u041e \\u0421\\u0418\\u041d\\u0415\\u0429\\u041e \\u0421\\u0418\\u041d\\u0415\\u0429\\u041e \\u0421\\u0418\\u041d\\u0415\\u0429\\u041e \\u0421\\u0418\\u041d\\u0415\\u0429\\u041e \\u0421\\u0418\\u041d\\u0415\\u0429\\u041e \\u0421\\u0418\\u041d\\u0415\\u0429\\u041e \\u0421\\u0418\\u041d\\u0415\\u0429\\u041e \\u0421\\u0418\\u041d\\u0415\\u0429\\u041e \\u0421\\u0418\\u041d\\u0415\\u0429\\u041e \\u0421\\u0418\", \"resources\": \"\\u041d\\u0415\\u0429\\u041e \\u0421\\u0418\\u041d\\u0415\\u0429\\u041e \\u0421\\u0418\\u041d\\u0415\\u0429\\u041e \\u0421\\u0418\\u041d\\u0415\\u0429\\u041e \\u0421\\u0418\\u041d\\u0415\\u0429\\u041e \\u0421\\u0418\\u041d\\u0415\\u0429\\u041e \\u0421\\u0418\\u041d\\u0415\\u0429\\u041e \\u0421\\u0418\\u041d\\u0415\\u0429\\u041e \\u0421\\u0418\\u041d\\u0415\\u0429\\u041e \\u0421\\u0418\\u041d\\u0415\\u0429\\u041e \\u0421\\u0418\\u041d\\u0415\\u0429\\u041e \\u0421\\u0418\\u041d\\u0415\\u0429\\u041e \\u0421\\u0418\\u041d\\u0415\\u0429\\u041e \\u0421\\u0418\\u041d\\u0415\\u0429\\u041e \\u0421\\u0418\\u041d\\u0415\\u0429\\u041e \\u0421\\u0418\\u041d\\u0415\\u0429\\u041e \\u0421\\u0418\\u041d\\u0415\\u0429\\u041e \\u0421\\u0418\\u041d\\u0415\\u0429\\u041e \\u0421\\u0418\\u041d\\u0415\\u0429\\u041e \\u0421\\u0418\", \"name\": \"\\u0410\\u0437 \\u0441\\u044a\\u043c \\u043e\\u0434\\u043e\\u0431\\u0440\\u0435\\u043d\"}}]", "revision": 21}}, {"pk": 22, "model": "reversion.version", "fields": {"format": "json", "object_repr": "admin", "object_id": "1", "content_type": 10, "object_id_int": 1, "type": 1, "serialized_data": "[{\"pk\": 1, \"model\": \"members.user\", \"fields\": {\"username\": \"admin\", \"first_name\": \"\\u0410\\u0434\\u043c\\u0438\\u043d\", \"last_name\": \"\\u0410\\u0434\\u043c\\u0438\\u043d\", \"faculty_number\": \"55234\", \"is_active\": true, \"is_superuser\": true, \"is_staff\": true, \"last_login\": \"2013-08-23T14:13:30+03:00\", \"groups\": [], \"user_permissions\": [], \"password\": \"pbkdf2_sha256$10000$kX2mYQX9FvDh$cE0y8dvmQZtz/gRYy0Vnb12SCQqZ7ap2Oxv1gQMVWWA=\", \"email\": \"admin@example.com\", \"date_joined\": \"2013-08-23T14:13:22+03:00\"}}]", "revision": 22}}, {"pk": 23, "model": "reversion.version", "fields": {"format": "json", "object_repr": "filareta", "object_id": "3", "content_type": 10, "object_id_int": 3, "type": 1, "serialized_data": "[{\"pk\": 3, \"model\": \"members.user\", \"fields\": {\"username\": \"filareta\", \"first_name\": \"\\u0424\\u0438\\u043b\", \"last_name\": \"\\u0424\\u0438\\u043b\", \"faculty_number\": \"80330\", \"is_active\": true, \"is_superuser\": false, \"is_staff\": false, \"last_login\": \"2013-08-23T14:21:16+03:00\", \"groups\": [2], \"user_permissions\": [], \"password\": \"pbkdf2_sha256$10000$WJkxUN5h8NFq$Kysb2DGnqLqlsYczuGzyRPGo8xK6uTCtMhR8bwohHR0=\", \"email\": \"fil@fil.fl\", \"date_joined\": \"2013-08-23T14:21:16+03:00\"}}]", "revision": 23}}, {"pk": 24, "model": "reversion.version", "fields": {"format": "json", "object_repr": "hristo", "object_id": "4", "content_type": 10, "object_id_int": 4, "type": 1, "serialized_data": "[{\"pk\": 4, \"model\": \"members.user\", \"fields\": {\"username\": \"hristo\", \"first_name\": \"\\u0425\\u0440\\u0438\\u0441\\u0442\\u043e\", \"last_name\": \"\\u0425\\u0440\\u0438\\u0441\\u0442\\u043e\", \"faculty_number\": \"88888\", \"is_active\": true, \"is_superuser\": false, \"is_staff\": false, \"last_login\": \"2013-08-23T14:21:29+03:00\", \"groups\": [], \"user_permissions\": [], \"password\": \"pbkdf2_sha256$10000$S3hXL4qjhQbW$LfJwAWlsT/3+c5x+yns/elloTwdY0ve+RKxWqSPYwVg=\", \"email\": \"hristo@hr.gr\", \"date_joined\": \"2013-08-23T14:21:29+03:00\"}}]", "revision": 24}}, {"pk": 25, "model": "reversion.version", "fields": {"format": "json", "object_repr": "ivaylo", "object_id": "6", "content_type": 10, "object_id_int": 6, "type": 1, "serialized_data": "[{\"pk\": 6, \"model\": \"members.user\", \"fields\": {\"username\": \"ivaylo\", \"first_name\": \"\\u0418\\u0432\\u0430\\u0439\\u043b\\u043e\", \"last_name\": \"\\u0418\\u0432\\u0430\\u0439\\u043b\\u043e\", \"faculty_number\": \"60123\", \"is_active\": true, \"is_superuser\": false, \"is_staff\": false, \"last_login\": \"2013-08-23T14:22:05+03:00\", \"groups\": [], \"user_permissions\": [], \"password\": \"pbkdf2_sha256$10000$kqOP5qLgZNHU$Xh/hyX4xKaNcK8Ety7Hh4mY04sbCpz670znws7D8A0o=\", \"email\": \"ivo@iv.vi\", \"date_joined\": \"2013-08-23T14:22:05+03:00\"}}]", "revision": 25}}, {"pk": 26, "model": "reversion.version", "fields": {"format": "json", "object_repr": "radorado", "object_id": "5", "content_type": 10, "object_id_int": 5, "type": 1, "serialized_data": "[{\"pk\": 5, \"model\": \"members.user\", \"fields\": {\"username\": \"radorado\", \"first_name\": \"\\u0420\\u0430\\u0434\\u043e\", \"last_name\": \"\\u0420\\u0430\\u0434\\u043e\", \"faculty_number\": \"88201\", \"is_active\": true, \"is_superuser\": false, \"is_staff\": false, \"last_login\": \"2013-08-23T14:21:50+03:00\", \"groups\": [1, 2], \"user_permissions\": [], \"password\": \"pbkdf2_sha256$10000$QTUJp2x4qxNK$q2Pzl7PoTJ3rXmQjwHgrURShUGSKmRwLwWxNfwLVJAQ=\", \"email\": \"rado@rado.rado\", \"date_joined\": \"2013-08-23T14:21:50+03:00\"}}]", "revision": 26}}, {"pk": 27, "model": "reversion.version", "fields": {"format": "json", "object_repr": "veni", "object_id": "7", "content_type": 10, "object_id_int": 7, "type": 1, "serialized_data": "[{\"pk\": 7, \"model\": \"members.user\", \"fields\": {\"username\": \"veni\", \"first_name\": \"\\u0412\\u0435\\u043d\\u0438\", \"last_name\": \"\\u0412\\u0435\\u043d\\u0438\", \"faculty_number\": \"55012\", \"is_active\": true, \"is_superuser\": false, \"is_staff\": false, \"last_login\": \"2013-08-23T14:22:35+03:00\", \"groups\": [], \"user_permissions\": [], \"password\": \"pbkdf2_sha256$10000$ydWtxBlYU2Vh$OUSlCXVDkF6TUUd3A2f8K9qf/N7Km7lyE20peeQF4Bs=\", \"email\": \"veni@ven.ii\", \"date_joined\": \"2013-08-23T14:22:35+03:00\"}}]", "revision": 27}}, {"pk": 28, "model": "reversion.version", "fields": {"format": "json", "object_repr": "viki", "object_id": "2", "content_type": 10, "object_id_int": 2, "type": 1, "serialized_data": "[{\"pk\": 2, \"model\": \"members.user\", \"fields\": {\"username\": \"viki\", \"first_name\": \"\\u0412\\u0438\\u043a\\u0438\", \"last_name\": \"\\u0412\\u0438\\u043a\\u0438\", \"faculty_number\": \"80440\", \"is_active\": true, \"is_superuser\": false, \"is_staff\": false, \"last_login\": \"2013-08-23T14:20:56+03:00\", \"groups\": [], \"user_permissions\": [], \"password\": \"pbkdf2_sha256$10000$dMz6UVj6mdAw$rnlKW6X1ASg2AZhYi8f3NV9DbUybL7RK0A+9dX2/B38=\", \"email\": \"viki@vi.ki\", \"date_joined\": \"2013-08-23T14:20:56+03:00\"}}]", "revision": 28}}, {"pk": 29, "model": "reversion.version", "fields": {"format": "json", "object_repr": "12331", "object_id": "2", "content_type": 15, "object_id_int": 2, "type": 0, "serialized_data": "[{\"pk\": 2, \"model\": \"protocols.protocol\", \"fields\": {\"scheduled_time\": \"14:37:34\", \"absent\": [1, 3], \"additional\": \"\", \"excused\": [4, 6], \"voted_for\": 0, \"start_time\": \"14:37:47\", \"voted_abstain\": 0, \"number\": \"12331\", \"majority\": 21, \"voted_against\": 0, \"conducted_at\": \"2013-08-23\", \"information\": \"\", \"current_majority\": 10, \"attendents\": [3, 4], \"institution\": 1, \"quorum\": 12}}]", "revision": 29}}, {"pk": 30, "model": "reversion.version", "fields": {"format": "json", "object_repr": "\u0414\u0435\u043a\u0430\u043d", "object_id": "2", "content_type": 14, "object_id_int": 2, "type": 0, "serialized_data": "[{\"pk\": 2, \"model\": \"protocols.institution\", \"fields\": {\"name\": \"\\u0414\\u0435\\u043a\\u0430\\u043d\"}}]", "revision": 30}}, {"pk": 31, "model": "reversion.version", "fields": {"format": "json", "object_repr": "\u0424\u0438\u0442\u043d\u0435\u0441 \u0423\u0440\u0435\u0434\u0438", "object_id": "2", "content_type": 13, "object_id_int": 2, "type": 0, "serialized_data": "[{\"pk\": 2, \"model\": \"protocols.topic\", \"fields\": {\"protocol\": 2, \"name\": \"\\u0424\\u0438\\u0442\\u043d\\u0435\\u0441 \\u0423\\u0440\\u0435\\u0434\\u0438\", \"voted_abstain\": 0, \"voted_for\": 0, \"voted_against\": 0, \"statement\": \"\\u041c\\u043e\\u0436\\u0435 \\u043b\\u0438 \\u0434\\u0430 \\u0441\\u0435 \\u043d\\u0430\\u043c\\u0435\\u0440\\u044f\\u0442 \\u043f\\u043e\\u0434\\u043e\\u0431\\u043d\\u0438\", \"attachment\": []}}]", "revision": 31}}, {"pk": 32, "model": "reversion.version", "fields": {"format": "json", "object_repr": "\u041d\u0435 \u0441\u044a\u043c \u0441\u044a\u0433\u043b\u0430\u0441\u0435\u043d", "object_id": "1", "content_type": 18, "object_id_int": 1, "type": 0, "serialized_data": "[{\"pk\": 1, \"model\": \"positions.position\", \"fields\": {\"date\": \"2013-08-23\", \"content\": \"\\u0421\\u0442\\u0440\\u043e\\u0433\\u043e \\u0441\\u0435 \\u043f\\u043e\\u0441\\u0442\\u0430\\u0432\\u044f\\u043c \\u043f\\u0440\\u043e\\u0442\\u0438\\u0432 \\u0440\\u0435\\u0448\\u0435\\u043d\\u0438\\u0435\\u0442\\u043e \\u043d\\u0430 ...\", \"title\": \"\\u041d\\u0435 \\u0441\\u044a\\u043c \\u0441\\u044a\\u0433\\u043b\\u0430\\u0441\\u0435\\u043d\"}}]", "revision": 32}}, {"pk": 33, "model": "reversion.version", "fields": {"format": "json", "object_repr": "viki", "object_id": "2", "content_type": 10, "object_id_int": 2, "type": 1, "serialized_data": "[{\"pk\": 2, \"model\": \"members.user\", \"fields\": {\"username\": \"viki\", \"first_name\": \"\\u0412\\u0438\\u043a\\u0438\", \"last_name\": \"\\u0412\\u0438\\u043a\\u0438\", \"faculty_number\": \"80440\", \"is_active\": true, \"is_superuser\": false, \"is_staff\": false, \"last_login\": \"2013-08-23T11:41:46.744Z\", \"groups\": [], \"user_permissions\": [], \"password\": \"pbkdf2_sha256$10000$dMz6UVj6mdAw$rnlKW6X1ASg2AZhYi8f3NV9DbUybL7RK0A+9dX2/B38=\", \"email\": \"viki@vi.ki\", \"date_joined\": \"2013-08-23T11:20:56Z\"}}]", "revision": 33}}, {"pk": 34, "model": "reversion.version", "fields": {"format": "json", "object_repr": "hristo", "object_id": "4", "content_type": 10, "object_id_int": 4, "type": 1, "serialized_data": "[{\"pk\": 4, \"model\": \"members.user\", \"fields\": {\"username\": \"hristo\", \"first_name\": \"\\u0425\\u0440\\u0438\\u0441\\u0442\\u043e\", \"last_name\": \"\\u0425\\u0440\\u0438\\u0441\\u0442\\u043e\", \"faculty_number\": \"88888\", \"is_active\": true, \"is_superuser\": false, \"is_staff\": false, \"last_login\": \"2013-08-23T11:41:56.678Z\", \"groups\": [], \"user_permissions\": [], \"password\": \"pbkdf2_sha256$10000$S3hXL4qjhQbW$LfJwAWlsT/3+c5x+yns/elloTwdY0ve+RKxWqSPYwVg=\", \"email\": \"hristo@hr.gr\", \"date_joined\": \"2013-08-23T11:21:29Z\"}}]", "revision": 34}}, {"pk": 35, "model": "reversion.version", "fields": {"format": "json", "object_repr": "viki", "object_id": "2", "content_type": 10, "object_id_int": 2, "type": 1, "serialized_data": "[{\"pk\": 2, \"model\": \"members.user\", \"fields\": {\"username\": \"viki\", \"first_name\": \"\\u0412\\u0438\\u043a\\u0438\", \"last_name\": \"\\u0412\\u0438\\u043a\\u0438\", \"faculty_number\": \"80440\", \"is_active\": true, \"is_superuser\": false, \"is_staff\": false, \"last_login\": \"2013-08-23T12:07:57.729Z\", \"groups\": [], \"user_permissions\": [], \"password\": \"pbkdf2_sha256$10000$dMz6UVj6mdAw$rnlKW6X1ASg2AZhYi8f3NV9DbUybL7RK0A+9dX2/B38=\", \"email\": \"viki@vi.ki\", \"date_joined\": \"2013-08-23T11:20:56Z\"}}]", "revision": 35}}, {"pk": 36, "model": "reversion.version", "fields": {"format": "json", "object_repr": "admin", "object_id": "1", "content_type": 10, "object_id_int": 1, "type": 1, "serialized_data": "[{\"pk\": 1, \"model\": \"members.user\", \"fields\": {\"username\": \"admin\", \"first_name\": \"\\u0410\\u0434\\u043c\\u0438\\u043d\", \"last_name\": \"\\u0410\\u0434\\u043c\\u0438\\u043d\", \"faculty_number\": \"55234\", \"is_active\": true, \"is_superuser\": true, \"is_staff\": true, \"last_login\": \"2013-08-23T12:08:06.611Z\", \"groups\": [], \"user_permissions\": [], \"password\": \"pbkdf2_sha256$10000$kX2mYQX9FvDh$cE0y8dvmQZtz/gRYy0Vnb12SCQqZ7ap2Oxv1gQMVWWA=\", \"email\": \"admin@example.com\", \"date_joined\": \"2013-08-23T11:13:22Z\"}}]", "revision": 36}}, {"pk": 37, "model": "reversion.version", "fields": {"format": "json", "object_repr": "viki", "object_id": "2", "content_type": 10, "object_id_int": 2, "type": 1, "serialized_data": "[{\"pk\": 2, \"model\": \"members.user\", \"fields\": {\"username\": \"viki\", \"first_name\": \"\\u0412\\u0438\\u043a\\u0438\", \"last_name\": \"\\u0412\\u0438\\u043a\\u0438\", \"faculty_number\": \"80440\", \"is_active\": true, \"is_superuser\": false, \"is_staff\": false, \"last_login\": \"2013-08-23T12:28:52.949Z\", \"groups\": [], \"user_permissions\": [], \"password\": \"pbkdf2_sha256$10000$dMz6UVj6mdAw$rnlKW6X1ASg2AZhYi8f3NV9DbUybL7RK0A+9dX2/B38=\", \"email\": \"viki@vi.ki\", \"date_joined\": \"2013-08-23T11:20:56Z\"}}]", "revision": 37}}, {"pk": 38, "model": "reversion.version", "fields": {"format": "json", "object_repr": "hristo", "object_id": "4", "content_type": 10, "object_id_int": 4, "type": 1, "serialized_data": "[{\"pk\": 4, \"model\": \"members.user\", \"fields\": {\"username\": \"hristo\", \"first_name\": \"\\u0425\\u0440\\u0438\\u0441\\u0442\\u043e\", \"last_name\": \"\\u0425\\u0440\\u0438\\u0441\\u0442\\u043e\", \"faculty_number\": \"88888\", \"is_active\": true, \"is_superuser\": false, \"is_staff\": false, \"last_login\": \"2013-08-23T12:29:07.819Z\", \"groups\": [], \"user_permissions\": [], \"password\": \"pbkdf2_sha256$10000$S3hXL4qjhQbW$LfJwAWlsT/3+c5x+yns/elloTwdY0ve+RKxWqSPYwVg=\", \"email\": \"hristo@hr.gr\", \"date_joined\": \"2013-08-23T11:21:29Z\"}}]", "revision": 38}}, {"pk": 39, "model": "reversion.version", "fields": {"format": "json", "object_repr": "admin", "object_id": "1", "content_type": 10, "object_id_int": 1, "type": 1, "serialized_data": "[{\"pk\": 1, \"model\": \"members.user\", \"fields\": {\"username\": \"admin\", \"first_name\": \"\\u0410\\u0434\\u043c\\u0438\\u043d\", \"last_name\": \"\\u0410\\u0434\\u043c\\u0438\\u043d\", \"faculty_number\": \"55234\", \"is_active\": true, \"is_superuser\": true, \"is_staff\": true, \"last_login\": \"2013-08-26T07:01:30.353Z\", \"groups\": [], \"user_permissions\": [], \"password\": \"pbkdf2_sha256$10000$kX2mYQX9FvDh$cE0y8dvmQZtz/gRYy0Vnb12SCQqZ7ap2Oxv1gQMVWWA=\", \"email\": \"admin@example.com\", \"date_joined\": \"2013-08-23T11:13:22Z\"}}]", "revision": 39}}, {"pk": 40, "model": "reversion.version", "fields": {"format": "json", "object_repr": "\u0410\u0437 \u0441\u044a\u043c \u043d\u0435\u043e\u0434\u043e\u0431\u0440\u0435\u043d", "object_id": "5", "content_type": 12, "object_id_int": 5, "type": 0, "serialized_data": "[{\"pk\": 5, \"model\": \"projects.project\", \"fields\": {\"status\": \"rejected\", \"partners\": \"\", \"attitute\": \"\\u041c\\u043d\\u043e\\u0433\\u043e \\u0433\\u043b\\u0443\\u043f\\u0430\\u0432\\u0430 \\u0438\\u0434\\u0435\\u044f. \\u041d\\u0435 \\u0432\\u0438\\u0436\\u0434\\u0430\\u043c\\u0435 \\u0438 \\u043c\\u0438\\u043d\\u0438\\u043c\\u0430\\u043b\\u0435\\u043d \\u0441\\u043c\\u0438\\u0441\\u044a\\u043b \\u0434\\u0430 \\u044f \\u0441\\u043f\\u043e\\u043d\\u0441\\u043e\\u0440\\u0438\\u0440\\u0430\\u043c\\u0435.\", \"tasks\": \"\\u0414\\u0430 \\u0441\\u0435 \\u043d\\u0430\\u044f\\u0434\\u0435\\u043c. \\u0414\\u0430 \\u0434\\u044a\\u0440\\u0436\\u0438\\u043c \\u043a\\u043e\\u043c\\u043f\\u0435\\u0442\\u0438\\u0442\\u0438\\u0432 \\u0441\\u043f\\u0438\\u0440\\u0438\\u0442 \\u0438 \\u0432\\u0441\\u044f\\u043a\\u0430\\u043a\\u0432\\u0438 \\u0442\\u0430\\u043a\\u0438\\u0432\\u0430. \", \"description\": \"\\u0422\\u0443\\u0440\\u043d\\u0438\\u0440 \\u043f\\u043e \\u044f\\u0434\\u0435\\u043d\\u0435 \\u043d\\u0430 \\u043a\\u0438\\u0441\\u0435\\u043b\\u043e \\u043c\\u043b\\u0415\\u043a\\u043e \\u0441 \\u043a\\u0438\\u0442\\u0430\\u0439\\u0441\\u043a\\u0438 \\u043a\\u043b\\u0435\\u0447\\u043a\\u0438 \\u0437\\u0430 \\u0437\\u044a\\u0431\\u0438.\", \"finance_description\": \"2.50\\u043b\\u0432. \\u0437\\u0430 \\u043e\\u0440\\u0438\\u0437\\u0432. 2.00\\u043b\\u0432. \\u0437\\u0430 \\u0412\\u043e\\u0434\\u0430 + \\u0422\\u043e\\u043a (\\u0434\\u0430 \\u0433\\u043e \\u0441\\u0432\\u0430\\u0440\\u0438\\u043c). 0.50\\u043b\\u0432 \\u0437\\u0430 \\u043a\\u043b\\u0435\\u0447\\u043a\\u0438 \\u0437\\u0430 \\u0437\\u044a\\u0431\\u0438.\", \"schedule\": \"\\u041f\\u043e\\u0447\\u0432\\u0430\\u043c\\u0435 \\u0441\\u0443\\u0442\\u0440\\u0438\\u043d \\u0438 \\u0441\\u0432\\u044a\\u0440\\u0448\\u0432\\u0430\\u043c\\u0435 \\u0441\\u0443\\u0442\\u0440\\u0438\\u043d, \\u0430\\u043c\\u0430 \\u0441\\u043b\\u0435\\u0434 \\u0434\\u0432\\u0430 \\u0434\\u0435\\u043d\\u0430.\", \"flp\": 5, \"created_at\": \"2013-08-26\", \"target_group\": \"\\u0412\\u0441\\u044f\\u043a\\u0430\\u043a\\u0432\\u0438 \\u0438\\u0434\\u0438\\u043e\\u0442\\u0438 \\u0441\\u0430 Target Group. \\u041f\\u043e\\u0431\\u0435\\u0434\\u0438\\u0442\\u0435\\u043b\\u044f \\u043f\\u043e\\u043b\\u0443\\u0447\\u0430\\u0432\\u0430 \\u043a\\u043e\\u043d\\u0435\\u0446 \\u0437\\u0430 \\u0437\\u044a\\u0431\\u0438 \\u0432\\u0442\\u043e\\u0440\\u0430 \\u0440\\u044a\\u043a\\u0430.\", \"number\": \"66912\", \"files\": [], \"user\": 4, \"discussed_at\": \"2013-08-26\", \"team\": [4], \"targets\": \"\\u0414\\u0430 \\u0441\\u0438 \\u043f\\u0440\\u0435\\u043a\\u0430\\u0440\\u0430\\u043c\\u0435 \\u0437\\u0430\\u0441\\u0438\\u0449\\u0430\\u0449\\u043e.\", \"resources\": \"5 \\u043b\\u0435\\u0432\\u0430.\", \"name\": \"\\u0410\\u0437 \\u0441\\u044a\\u043c \\u043d\\u0435\\u043e\\u0434\\u043e\\u0431\\u0440\\u0435\\u043d\"}}]", "revision": 40}}, {"pk": 41, "model": "reversion.version", "fields": {"format": "json", "object_repr": "\u042e\u043d\u0438 2013", "object_id": "6", "content_type": 12, "object_id_int": 6, "type": 0, "serialized_data": "[{\"pk\": 6, \"model\": \"projects.project\", \"fields\": {\"status\": \"pending\", \"partners\": \"\", \"attitute\": \"\", \"tasks\": \"\\u0430\\u0441\\u0445\\u0430\\u043a\\u0441\\u0430\\u0434\", \"description\": \"\\u0430\\u0441\\u0445\\u0430\\u043a\\u0441\\u0430\\u0434\", \"finance_description\": \"\\u0430\\u0441\\u0445\\u0430\\u043a\\u0441\\u0430\\u0434\", \"schedule\": \"\\u0430\\u0441\\u0445\\u0430\\u043a\\u0441\\u0430\\u0434\", \"flp\": 5, \"created_at\": \"2013-06-15\", \"target_group\": \"\\u0430\\u0441\\u0445\\u0430\\u043a\\u0441\\u0430\\u0434\", \"number\": \"\", \"files\": [], \"user\": 5, \"discussed_at\": null, \"team\": [5, 6], \"targets\": \"\\u0430\\u0441\\u0445\\u0430\\u043a\\u0441\\u0430\\u0434\", \"resources\": \"\\u0430\\u0441\\u0445\\u0430\\u043a\\u0441\\u0430\\u0434\", \"name\": \"\\u042e\\u043d\\u0438 2013\"}}]", "revision": 41}}, {"pk": 42, "model": "reversion.version", "fields": {"format": "json", "object_repr": "\u0424\u0435\u0432\u0440\u0443\u0430\u0440\u0438", "object_id": "7", "content_type": 12, "object_id_int": 7, "type": 0, "serialized_data": "[{\"pk\": 7, \"model\": \"projects.project\", \"fields\": {\"status\": \"returned\", \"partners\": \"\", \"attitute\": \"\", \"tasks\": \"asdjkada\", \"description\": \"asdjkada\", \"finance_description\": \"asdjkada\", \"schedule\": \"asdjkada\", \"flp\": 7, \"created_at\": \"2013-02-11\", \"target_group\": \"asdjkada\", \"number\": \"\", \"files\": [], \"user\": 3, \"discussed_at\": null, \"team\": [5, 6], \"targets\": \"asdjkada\", \"resources\": \"asdjkada\", \"name\": \"\\u0424\\u0435\\u0432\\u0440\\u0443\\u0430\\u0440\\u0438\"}}]", "revision": 42}}, {"pk": 43, "model": "reversion.version", "fields": {"format": "json", "object_repr": "\u0414\u0435\u043a\u0435\u043c\u0432\u0440\u0438 2012", "object_id": "8", "content_type": 12, "object_id_int": 8, "type": 0, "serialized_data": "[{\"pk\": 8, \"model\": \"projects.project\", \"fields\": {\"status\": \"pending\", \"partners\": \"\", \"attitute\": \"\", \"tasks\": \"\\u0430\\u0441\\u0434\\u0430\\u0434\\u0430\", \"description\": \"\\u0430\\u0441\\u0434\\u0430\\u0434\\u0430\", \"finance_description\": \"\\u0430\\u0441\\u0434\\u0430\\u0434\\u0430\", \"schedule\": \"\\u0430\\u0441\\u0434\\u0430\\u0434\\u0430\", \"flp\": 2, \"created_at\": \"2012-12-26\", \"target_group\": \"\\u0430\\u0441\\u0434\\u0430\\u0434\\u0430\", \"number\": \"\", \"files\": [], \"user\": 4, \"discussed_at\": null, \"team\": [5, 6], \"targets\": \"\\u0430\\u0441\\u0434\\u0430\\u0434\\u0430\", \"resources\": \"\\u0430\\u0441\\u0434\\u0430\\u0434\\u0430\", \"name\": \"\\u0414\\u0435\\u043a\\u0435\\u043c\\u0432\\u0440\\u0438 2012\"}}]", "revision": 43}}, {"pk": 44, "model": "reversion.version", "fields": {"format": "json", "object_repr": "\u041c\u0430\u0440\u0442 \u043c\u0435\u0441\u0435\u0446 2011", "object_id": "9", "content_type": 12, "object_id_int": 9, "type": 0, "serialized_data": "[{\"pk\": 9, \"model\": \"projects.project\", \"fields\": {\"status\": \"rejected\", \"partners\": \"\", \"attitute\": \"\", \"tasks\": \"\\u0421\\u0442\\u0430\\u0440\\u043e \\u0441\\u0442\\u0430\\u0440\\u043e.. \\u0423\\u0445\\u0443\\u0443\\u0443 \\u0434\\u0430 \\u0432\\u0438\\u0434\\u0438\\u043c \\u0432 \\u0430\\u0440\\u0445\\u0438\\u0432\\u0430 \\u0434\\u0430\\u043b\\u0438 \\u0449\\u0435 \\u0441\\u0435 \\u043f\\u043e\\u043a\\u0430\\u0437\\u0432\\u0430\", \"description\": \"\\u0421\\u0442\\u0430\\u0440\\u043e \\u0441\\u0442\\u0430\\u0440\\u043e.. \\u0423\\u0445\\u0443\\u0443\\u0443 \\u0434\\u0430 \\u0432\\u0438\\u0434\\u0438\\u043c \\u0432 \\u0430\\u0440\\u0445\\u0438\\u0432\\u0430 \\u0434\\u0430\\u043b\\u0438 \\u0449\\u0435 \\u0441\\u0435 \\u043f\\u043e\\u043a\\u0430\\u0437\\u0432\\u0430\", \"finance_description\": \"\\u0421\\u0442\\u0430\\u0440\\u043e \\u0441\\u0442\\u0430\\u0440\\u043e.. \\u0423\\u0445\\u0443\\u0443\\u0443 \\u0434\\u0430 \\u0432\\u0438\\u0434\\u0438\\u043c \\u0432 \\u0430\\u0440\\u0445\\u0438\\u0432\\u0430 \\u0434\\u0430\\u043b\\u0438 \\u0449\\u0435 \\u0441\\u0435 \\u043f\\u043e\\u043a\\u0430\\u0437\\u0432\\u0430\", \"schedule\": \"\\u0421\\u0442\\u0430\\u0440\\u043e \\u0441\\u0442\\u0430\\u0440\\u043e.. \\u0423\\u0445\\u0443\\u0443\\u0443 \\u0434\\u0430 \\u0432\\u0438\\u0434\\u0438\\u043c \\u0432 \\u0430\\u0440\\u0445\\u0438\\u0432\\u0430 \\u0434\\u0430\\u043b\\u0438 \\u0449\\u0435 \\u0441\\u0435 \\u043f\\u043e\\u043a\\u0430\\u0437\\u0432\\u0430\", \"flp\": 5, \"created_at\": \"2013-08-26\", \"target_group\": \"\\u0421\\u0442\\u0430\\u0440\\u043e \\u0441\\u0442\\u0430\\u0440\\u043e.. \\u0423\\u0445\\u0443\\u0443\\u0443 \\u0434\\u0430 \\u0432\\u0438\\u0434\\u0438\\u043c \\u0432 \\u0430\\u0440\\u0445\\u0438\\u0432\\u0430 \\u0434\\u0430\\u043b\\u0438 \\u0449\\u0435 \\u0441\\u0435 \\u043f\\u043e\\u043a\\u0430\\u0437\\u0432\\u0430\", \"number\": \"\", \"files\": [], \"user\": 5, \"discussed_at\": null, \"team\": [5, 6], \"targets\": \"\\u0421\\u0442\\u0430\\u0440\\u043e \\u0441\\u0442\\u0430\\u0440\\u043e.. \\u0423\\u0445\\u0443\\u0443\\u0443 \\u0434\\u0430 \\u0432\\u0438\\u0434\\u0438\\u043c \\u0432 \\u0430\\u0440\\u0445\\u0438\\u0432\\u0430 \\u0434\\u0430\\u043b\\u0438 \\u0449\\u0435 \\u0441\\u0435 \\u043f\\u043e\\u043a\\u0430\\u0437\\u0432\\u0430\", \"resources\": \"\\u0421\\u0442\\u0430\\u0440\\u043e \\u0441\\u0442\\u0430\\u0440\\u043e.. \\u0423\\u0445\\u0443\\u0443\\u0443 \\u0434\\u0430 \\u0432\\u0438\\u0434\\u0438\\u043c \\u0432 \\u0430\\u0440\\u0445\\u0438\\u0432\\u0430 \\u0434\\u0430\\u043b\\u0438 \\u0449\\u0435 \\u0441\\u0435 \\u043f\\u043e\\u043a\\u0430\\u0437\\u0432\\u0430\", \"name\": \"\\u041c\\u0430\\u0440\\u0442 \\u043c\\u0435\\u0441\\u0435\\u0446 2011\"}}]", "revision": 44}}, {"pk": 45, "model": "reversion.version", "fields": {"format": "json", "object_repr": "\u041c\u0430\u0440\u0442 \u043c\u0435\u0441\u0435\u0446 2011", "object_id": "9", "content_type": 12, "object_id_int": 9, "type": 1, "serialized_data": "[{\"pk\": 9, \"model\": \"projects.project\", \"fields\": {\"status\": \"rejected\", \"partners\": \"\", \"attitute\": \"\", \"tasks\": \"\\u0421\\u0442\\u0430\\u0440\\u043e \\u0441\\u0442\\u0430\\u0440\\u043e.. \\u0423\\u0445\\u0443\\u0443\\u0443 \\u0434\\u0430 \\u0432\\u0438\\u0434\\u0438\\u043c \\u0432 \\u0430\\u0440\\u0445\\u0438\\u0432\\u0430 \\u0434\\u0430\\u043b\\u0438 \\u0449\\u0435 \\u0441\\u0435 \\u043f\\u043e\\u043a\\u0430\\u0437\\u0432\\u0430\", \"description\": \"\\u0421\\u0442\\u0430\\u0440\\u043e \\u0441\\u0442\\u0430\\u0440\\u043e.. \\u0423\\u0445\\u0443\\u0443\\u0443 \\u0434\\u0430 \\u0432\\u0438\\u0434\\u0438\\u043c \\u0432 \\u0430\\u0440\\u0445\\u0438\\u0432\\u0430 \\u0434\\u0430\\u043b\\u0438 \\u0449\\u0435 \\u0441\\u0435 \\u043f\\u043e\\u043a\\u0430\\u0437\\u0432\\u0430\", \"finance_description\": \"\\u0421\\u0442\\u0430\\u0440\\u043e \\u0441\\u0442\\u0430\\u0440\\u043e.. \\u0423\\u0445\\u0443\\u0443\\u0443 \\u0434\\u0430 \\u0432\\u0438\\u0434\\u0438\\u043c \\u0432 \\u0430\\u0440\\u0445\\u0438\\u0432\\u0430 \\u0434\\u0430\\u043b\\u0438 \\u0449\\u0435 \\u0441\\u0435 \\u043f\\u043e\\u043a\\u0430\\u0437\\u0432\\u0430\", \"schedule\": \"\\u0421\\u0442\\u0430\\u0440\\u043e \\u0441\\u0442\\u0430\\u0440\\u043e.. \\u0423\\u0445\\u0443\\u0443\\u0443 \\u0434\\u0430 \\u0432\\u0438\\u0434\\u0438\\u043c \\u0432 \\u0430\\u0440\\u0445\\u0438\\u0432\\u0430 \\u0434\\u0430\\u043b\\u0438 \\u0449\\u0435 \\u0441\\u0435 \\u043f\\u043e\\u043a\\u0430\\u0437\\u0432\\u0430\", \"flp\": 5, \"created_at\": \"2011-03-26\", \"target_group\": \"\\u0421\\u0442\\u0430\\u0440\\u043e \\u0441\\u0442\\u0430\\u0440\\u043e.. \\u0423\\u0445\\u0443\\u0443\\u0443 \\u0434\\u0430 \\u0432\\u0438\\u0434\\u0438\\u043c \\u0432 \\u0430\\u0440\\u0445\\u0438\\u0432\\u0430 \\u0434\\u0430\\u043b\\u0438 \\u0449\\u0435 \\u0441\\u0435 \\u043f\\u043e\\u043a\\u0430\\u0437\\u0432\\u0430\", \"number\": \"\", \"files\": [], \"user\": 5, \"discussed_at\": null, \"team\": [5, 6], \"targets\": \"\\u0421\\u0442\\u0430\\u0440\\u043e \\u0441\\u0442\\u0430\\u0440\\u043e.. \\u0423\\u0445\\u0443\\u0443\\u0443 \\u0434\\u0430 \\u0432\\u0438\\u0434\\u0438\\u043c \\u0432 \\u0430\\u0440\\u0445\\u0438\\u0432\\u0430 \\u0434\\u0430\\u043b\\u0438 \\u0449\\u0435 \\u0441\\u0435 \\u043f\\u043e\\u043a\\u0430\\u0437\\u0432\\u0430\", \"resources\": \"\\u0421\\u0442\\u0430\\u0440\\u043e \\u0441\\u0442\\u0430\\u0440\\u043e.. \\u0423\\u0445\\u0443\\u0443\\u0443 \\u0434\\u0430 \\u0432\\u0438\\u0434\\u0438\\u043c \\u0432 \\u0430\\u0440\\u0445\\u0438\\u0432\\u0430 \\u0434\\u0430\\u043b\\u0438 \\u0449\\u0435 \\u0441\\u0435 \\u043f\\u043e\\u043a\\u0430\\u0437\\u0432\\u0430\", \"name\": \"\\u041c\\u0430\\u0440\\u0442 \\u043c\\u0435\\u0441\\u0435\\u0446 2011\"}}]", "revision": 45}}, {"pk": 46, "model": "reversion.version", "fields": {"format": "json", "object_repr": "Copy object", "object_id": "2", "content_type": 16, "object_id_int": 2, "type": 0, "serialized_data": "[{\"pk\": 2, \"model\": \"reports.copy\", \"fields\": {\"about_topic\": [2], \"for_report\": 1}}]", "revision": 46}}, {"pk": 1, "model": "protocols.topic", "fields": {"protocol": 1, "name": "\u0417\u0430\u043b\u0430 \u0437\u0430 \u0422\u0443\u0440\u043d\u0438\u0440\u0430", "voted_abstain": 2, "voted_for": 3, "voted_against": 1, "statement": "\u0414\u0430\u0432\u0430\u043c\u0435 \u0437\u0430\u043b\u0430 317 \u0438 316 \u043e\u0442 \u0424\u0430\u043a\u0443\u043b\u0442\u0435\u0442\u0430 \u043f\u043e \u041c\u0430\u0442\u0435\u043c\u0430\u0442\u0438\u043a\u0430 \u0438 \u0418\u043d\u0444\u043e\u0440\u043c\u0430\u0442\u0438\u043a\u0430", "attachment": []}}, {"pk": 2, "model": "protocols.topic", "fields": {"protocol": 2, "name": "\u0424\u0438\u0442\u043d\u0435\u0441 \u0423\u0440\u0435\u0434\u0438", "voted_abstain": 0, "voted_for": 0, "voted_against": 0, "statement": "\u041c\u043e\u0436\u0435 \u043b\u0438 \u0434\u0430 \u0441\u0435 \u043d\u0430\u043c\u0435\u0440\u044f\u0442 \u043f\u043e\u0434\u043e\u0431\u043d\u0438", "attachment": []}}, {"pk": 1, "model": "protocols.institution", "fields": {"name": "\u0421\u0442\u0443\u0434\u0435\u043d\u0442\u0441\u043a\u0438 \u0421\u044a\u0432\u0435\u0442"}}, {"pk": 2, "model": "protocols.institution", "fields": {"name": "\u0414\u0435\u043a\u0430\u043d"}}, {"pk": 1, "model": "reports.copy", "fields": {"about_topic": [1], "for_report": 1}}, {"pk": 2, "model": "reports.copy", "fields": {"about_topic": [2], "for_report": 1}}, {"pk": 1, "model": "positions.position", "fields": {"date": "2013-08-23", "content": "\u0421\u0442\u0440\u043e\u0433\u043e \u0441\u0435 \u043f\u043e\u0441\u0442\u0430\u0432\u044f\u043c \u043f\u0440\u043e\u0442\u0438\u0432 \u0440\u0435\u0448\u0435\u043d\u0438\u0435\u0442\u043e \u043d\u0430 ...", "title": "\u041d\u0435 \u0441\u044a\u043c \u0441\u044a\u0433\u043b\u0430\u0441\u0435\u043d"}}, {"pk": 1, "model": "auth.permission", "fields": {"codename": "add_permission", "name": "Can add permission", "content_type": 1}}, {"pk": 2, "model": "auth.permission", "fields": {"codename": "change_permission", "name": "Can change permission", "content_type": 1}}, {"pk": 3, "model": "auth.permission", "fields": {"codename": "delete_permission", "name": "Can delete permission", "content_type": 1}}, {"pk": 4, "model": "auth.permission", "fields": {"codename": "add_group", "name": "Can add group", "content_type": 2}}, {"pk": 5, "model": "auth.permission", "fields": {"codename": "change_group", "name": "Can change group", "content_type": 2}}, {"pk": 6, "model": "auth.permission", "fields": {"codename": "delete_group", "name": "Can delete group", "content_type": 2}}, {"pk": 7, "model": "auth.permission", "fields": {"codename": "add_contenttype", "name": "Can add content type", "content_type": 3}}, {"pk": 8, "model": "auth.permission", "fields": {"codename": "change_contenttype", "name": "Can change content type", "content_type": 3}}, {"pk": 9, "model": "auth.permission", "fields": {"codename": "delete_contenttype", "name": "Can delete content type", "content_type": 3}}, {"pk": 10, "model": "auth.permission", "fields": {"codename": "add_session", "name": "Can add session", "content_type": 4}}, {"pk": 11, "model": "auth.permission", "fields": {"codename": "change_session", "name": "Can change session", "content_type": 4}}, {"pk": 12, "model": "auth.permission", "fields": {"codename": "delete_session", "name": "Can delete session", "content_type": 4}}, {"pk": 13, "model": "auth.permission", "fields": {"codename": "add_site", "name": "Can add site", "content_type": 5}}, {"pk": 14, "model": "auth.permission", "fields": {"codename": "change_site", "name": "Can change site", "content_type": 5}}, {"pk": 15, "model": "auth.permission", "fields": {"codename": "delete_site", "name": "Can delete site", "content_type": 5}}, {"pk": 16, "model": "auth.permission", "fields": {"codename": "add_logentry", "name": "Can add log entry", "content_type": 6}}, {"pk": 17, "model": "auth.permission", "fields": {"codename": "change_logentry", "name": "Can change log entry", "content_type": 6}}, {"pk": 18, "model": "auth.permission", "fields": {"codename": "delete_logentry", "name": "Can delete log entry", "content_type": 6}}, {"pk": 19, "model": "auth.permission", "fields": {"codename": "add_migrationhistory", "name": "Can add migration history", "content_type": 7}}, {"pk": 20, "model": "auth.permission", "fields": {"codename": "change_migrationhistory", "name": "Can change migration history", "content_type": 7}}, {"pk": 21, "model": "auth.permission", "fields": {"codename": "delete_migrationhistory", "name": "Can delete migration history", "content_type": 7}}, {"pk": 22, "model": "auth.permission", "fields": {"codename": "add_revision", "name": "Can add revision", "content_type": 8}}, {"pk": 23, "model": "auth.permission", "fields": {"codename": "change_revision", "name": "Can change revision", "content_type": 8}}, {"pk": 24, "model": "auth.permission", "fields": {"codename": "delete_revision", "name": "Can delete revision", "content_type": 8}}, {"pk": 25, "model": "auth.permission", "fields": {"codename": "add_version", "name": "Can add version", "content_type": 9}}, {"pk": 26, "model": "auth.permission", "fields": {"codename": "change_version", "name": "Can change version", "content_type": 9}}, {"pk": 27, "model": "auth.permission", "fields": {"codename": "delete_version", "name": "Can delete version", "content_type": 9}}, {"pk": 28, "model": "auth.permission", "fields": {"codename": "add_user", "name": "Can add user", "content_type": 10}}, {"pk": 29, "model": "auth.permission", "fields": {"codename": "change_user", "name": "Can change user", "content_type": 10}}, {"pk": 30, "model": "auth.permission", "fields": {"codename": "delete_user", "name": "Can delete user", "content_type": 10}}, {"pk": 31, "model": "auth.permission", "fields": {"codename": "add_attachment", "name": "Can add attachment", "content_type": 11}}, {"pk": 32, "model": "auth.permission", "fields": {"codename": "change_attachment", "name": "Can change attachment", "content_type": 11}}, {"pk": 33, "model": "auth.permission", "fields": {"codename": "delete_attachment", "name": "Can delete attachment", "content_type": 11}}, {"pk": 34, "model": "auth.permission", "fields": {"codename": "add_project", "name": "Can add project", "content_type": 12}}, {"pk": 35, "model": "auth.permission", "fields": {"codename": "change_project", "name": "Can change project", "content_type": 12}}, {"pk": 36, "model": "auth.permission", "fields": {"codename": "delete_project", "name": "Can delete project", "content_type": 12}}, {"pk": 37, "model": "auth.permission", "fields": {"codename": "add_topic", "name": "Can add topic", "content_type": 13}}, {"pk": 38, "model": "auth.permission", "fields": {"codename": "change_topic", "name": "Can change topic", "content_type": 13}}, {"pk": 39, "model": "auth.permission", "fields": {"codename": "delete_topic", "name": "Can delete topic", "content_type": 13}}, {"pk": 40, "model": "auth.permission", "fields": {"codename": "add_institution", "name": "Can add institution", "content_type": 14}}, {"pk": 41, "model": "auth.permission", "fields": {"codename": "change_institution", "name": "Can change institution", "content_type": 14}}, {"pk": 42, "model": "auth.permission", "fields": {"codename": "delete_institution", "name": "Can delete institution", "content_type": 14}}, {"pk": 43, "model": "auth.permission", "fields": {"codename": "add_protocol", "name": "Can add protocol", "content_type": 15}}, {"pk": 44, "model": "auth.permission", "fields": {"codename": "change_protocol", "name": "Can change protocol", "content_type": 15}}, {"pk": 45, "model": "auth.permission", "fields": {"codename": "delete_protocol", "name": "Can delete protocol", "content_type": 15}}, {"pk": 46, "model": "auth.permission", "fields": {"codename": "add_copy", "name": "Can add copy", "content_type": 16}}, {"pk": 47, "model": "auth.permission", "fields": {"codename": "change_copy", "name": "Can change copy", "content_type": 16}}, {"pk": 48, "model": "auth.permission", "fields": {"codename": "delete_copy", "name": "Can delete copy", "content_type": 16}}, {"pk": 49, "model": "auth.permission", "fields": {"codename": "add_report", "name": "Can add report", "content_type": 17}}, {"pk": 50, "model": "auth.permission", "fields": {"codename": "change_report", "name": "Can change report", "content_type": 17}}, {"pk": 51, "model": "auth.permission", "fields": {"codename": "delete_report", "name": "Can delete report", "content_type": 17}}, {"pk": 52, "model": "auth.permission", "fields": {"codename": "add_position", "name": "Can add position", "content_type": 18}}, {"pk": 53, "model": "auth.permission", "fields": {"codename": "change_position", "name": "Can change position", "content_type": 18}}, {"pk": 54, "model": "auth.permission", "fields": {"codename": "delete_position", "name": "Can delete position", "content_type": 18}}, {"pk": 1, "model": "auth.group", "fields": {"name": "\u041f\u0440\u0435\u0446\u0435\u0434\u0430\u0442\u0435\u043b\u0438", "permissions": [34, 35, 43]}}, {"pk": 2, "model": "auth.group", "fields": {"name": "\u0414\u0430 \u0435\u0434\u0438\u0442\u0432\u0430 \u0421\u0442\u0430\u0442\u0443\u0441 \u041f\u0440\u043e\u0435\u043a\u0442\u0438", "permissions": [35]}}, {"pk": 1, "model": "members.user", "fields": {"username": "admin", "first_name": "\u0410\u0434\u043c\u0438\u043d", "last_name": "\u0410\u0434\u043c\u0438\u043d", "faculty_number": "55234", "is_active": true, "is_superuser": true, "is_staff": true, "last_login": "2013-08-26T07:01:30.353Z", "groups": [], "user_permissions": [], "password": "pbkdf2_sha256$10000$kX2mYQX9FvDh$cE0y8dvmQZtz/gRYy0Vnb12SCQqZ7ap2Oxv1gQMVWWA=", "email": "admin@example.com", "date_joined": "2013-08-23T11:13:22Z"}}, {"pk": 2, "model": "members.user", "fields": {"username": "viki", "first_name": "\u0412\u0438\u043a\u0438", "last_name": "\u0412\u0438\u043a\u0438", "faculty_number": "80440", "is_active": true, "is_superuser": false, "is_staff": false, "last_login": "2013-08-23T12:28:52.949Z", "groups": [], "user_permissions": [], "password": "pbkdf2_sha256$10000$dMz6UVj6mdAw$rnlKW6X1ASg2AZhYi8f3NV9DbUybL7RK0A+9dX2/B38=", "email": "viki@vi.ki", "date_joined": "2013-08-23T11:20:56Z"}}, {"pk": 3, "model": "members.user", "fields": {"username": "filareta", "first_name": "\u0424\u0438\u043b", "last_name": "\u0424\u0438\u043b", "faculty_number": "80330", "is_active": true, "is_superuser": false, "is_staff": false, "last_login": "2013-08-23T11:21:16Z", "groups": [2], "user_permissions": [], "password": "pbkdf2_sha256$10000$WJkxUN5h8NFq$Kysb2DGnqLqlsYczuGzyRPGo8xK6uTCtMhR8bwohHR0=", "email": "fil@fil.fl", "date_joined": "2013-08-23T11:21:16Z"}}, {"pk": 4, "model": "members.user", "fields": {"username": "hristo", "first_name": "\u0425\u0440\u0438\u0441\u0442\u043e", "last_name": "\u0425\u0440\u0438\u0441\u0442\u043e", "faculty_number": "88888", "is_active": true, "is_superuser": false, "is_staff": false, "last_login": "2013-08-23T12:29:07.819Z", "groups": [], "user_permissions": [], "password": "pbkdf2_sha256$10000$S3hXL4qjhQbW$LfJwAWlsT/3+c5x+yns/elloTwdY0ve+RKxWqSPYwVg=", "email": "hristo@hr.gr", "date_joined": "2013-08-23T11:21:29Z"}}, {"pk": 5, "model": "members.user", "fields": {"username": "radorado", "first_name": "\u0420\u0430\u0434\u043e", "last_name": "\u0420\u0430\u0434\u043e", "faculty_number": "88201", "is_active": true, "is_superuser": false, "is_staff": false, "last_login": "2013-08-23T11:21:50Z", "groups": [1, 2], "user_permissions": [], "password": "pbkdf2_sha256$10000$QTUJp2x4qxNK$q2Pzl7PoTJ3rXmQjwHgrURShUGSKmRwLwWxNfwLVJAQ=", "email": "rado@rado.rado", "date_joined": "2013-08-23T11:21:50Z"}}, {"pk": 6, "model": "members.user", "fields": {"username": "ivaylo", "first_name": "\u0418\u0432\u0430\u0439\u043b\u043e", "last_name": "\u0418\u0432\u0430\u0439\u043b\u043e", "faculty_number": "60123", "is_active": true, "is_superuser": false, "is_staff": false, "last_login": "2013-08-23T11:22:05Z", "groups": [], "user_permissions": [], "password": "pbkdf2_sha256$10000$kqOP5qLgZNHU$Xh/hyX4xKaNcK8Ety7Hh4mY04sbCpz670znws7D8A0o=", "email": "ivo@iv.vi", "date_joined": "2013-08-23T11:22:05Z"}}, {"pk": 7, "model": "members.user", "fields": {"username": "veni", "first_name": "\u0412\u0435\u043d\u0438", "last_name": "\u0412\u0435\u043d\u0438", "faculty_number": "55012", "is_active": true, "is_superuser": false, "is_staff": false, "last_login": "2013-08-23T11:22:35Z", "groups": [], "user_permissions": [], "password": "pbkdf2_sha256$10000$ydWtxBlYU2Vh$OUSlCXVDkF6TUUd3A2f8K9qf/N7Km7lyE20peeQF4Bs=", "email": "veni@ven.ii", "date_joined": "2013-08-23T11:22:35Z"}}, {"pk": 1, "model": "projects.project", "fields": {"status": "unrevised", "partners": "", "attitute": "", "tasks": "1) 20+ \u0428\u0430\u0445\u043c\u0430\u0442\u043d\u0438 \u0434\u044a\u0441\u043a\u0438\r\n2) 20+ \u0428\u0430\u0445\u043c\u0430\u0442\u043d\u0438 \u0447\u0430\u0441\u043e\u0432\u043d\u0438\u0446\u0438\r\n3) \u041c\u0430\u0441\u0438\r\n4) \u041a\u0443\u043f\u0438\r\n5) \u0413\u0440\u0430\u043c\u043e\u0442\u0438", "description": "\u0416\u0435\u043b\u0430\u0435\u043c \u0434\u0430 \u043e\u0440\u0433\u0430\u043d\u0438\u0437\u0438\u0440\u0430\u043c\u0435 \u0448\u0430\u0445\u043c\u0430\u0442\u0435\u043d \u0442\u0443\u0440\u043d\u0438\u0440 \u0431\u043b\u0430 \u0431\u043b\u0430 \u0431\u043b\u0430.", "finance_description": "\u0430\u0441\u0434\u0430\u0434\u0441\u0430\u0434\u0430", "schedule": "\u0430\u0441\u0434\u0430\u0434\u0441\u0430\u0434\u0430", "flp": 2, "created_at": "2013-08-23", "target_group": "\u0421\u0442\u0443\u0434\u0435\u043d\u0442\u0438, \u041f\u0440\u0435\u043f\u043e\u0434\u0430\u0432\u0430\u0442\u0435\u043b\u0438, \u0412\u0441\u044f\u043a\u0430\u043a\u0432\u0438", "number": "", "files": [], "user": 4, "discussed_at": null, "team": [2, 4], "targets": "\u0414\u0430 \u0441\u0435 \u0441\u0434\u0432\u0430\u0442\u044f \u0445\u043e\u0440\u0430\u0442\u0430 \u0438 \u0434\u0430 \u043f\u0440\u0435\u043a\u0430\u0440\u0430\u0442 \u0435\u0434\u0438\u043d \u0433\u043e\u0442\u0438\u043d \u0441\u043b\u0435\u0434\u043e\u0431\u044f\u0434 \u0431\u0430\u043b \u0431\u043b\u0430 \u0431\u043b\u0430", "resources": "\u0430\u0441\u0434\u0430\u0434\u0441\u0430\u0434\u0430", "name": "\u0422\u0443\u0440\u043d\u0438\u0440 \u043f\u043e \u0428\u0430\u0445\u043c\u0430\u0442"}}, {"pk": 2, "model": "projects.project", "fields": {"status": "returned", "partners": "", "attitute": "", "tasks": "\u0422\u0443\u0440\u043d\u0438\u0440 \u043f\u043e \u043a\u043e\u0434\u0435\u043d\u0435\u0422\u0443\u0440\u043d\u0438\u0440 \u043f\u043e \u043a\u043e\u0434\u0435\u043d\u0435\u0422\u0443\u0440\u043d\u0438\u0440 \u043f\u043e \u043a\u043e\u0434\u0435\u043d\u0435\u0422\u0443\u0440\u043d\u0438\u0440 \u043f\u043e \u043a\u043e\u0434\u0435\u043d\u0435\u0422\u0443\u0440\u043d\u0438\u0440 \u043f\u043e \u043a\u043e\u0434\u0435\u043d\u0435", "description": "\u0422\u0443\u0440\u043d\u0438\u0440 \u043f\u043e \u043a\u043e\u0434\u0435\u043d\u0435\u0422\u0443\u0440\u043d\u0438\u0440 \u043f\u043e \u043a\u043e\u0434\u0435\u043d\u0435\u0422\u0443\u0440\u043d\u0438\u0440 \u043f\u043e \u043a\u043e\u0434\u0435\u043d\u0435\u0422\u0443\u0440\u043d\u0438\u0440 \u043f\u043e \u043a\u043e\u0434\u0435\u043d\u0435\u0422\u0443\u0440\u043d\u0438\u0440 \u043f\u043e \u043a\u043e\u0434\u0435\u043d\u0435\u0422\u0443\u0440\u043d\u0438\u0440 \u043f\u043e \u043a\u043e\u0434\u0435\u043d\u0435\u0422\u0443\u0440\u043d\u0438\u0440 \u043f\u043e \u043a\u043e\u0434\u0435\u043d\u0435\u0422\u0443\u0440\u043d\u0438\u0440 \u043f\u043e \u043a\u043e\u0434\u0435\u043d\u0435\u0422\u0443\u0440\u043d\u0438\u0440 \u043f\u043e \u043a\u043e\u0434\u0435\u043d\u0435", "finance_description": "\u0422\u0443\u0440\u043d\u0438\u0440 \u043f\u043e \u043a\u043e\u0434\u0435\u043d\u0435\u0422\u0443\u0440\u043d\u0438\u0440 \u043f\u043e \u043a\u043e\u0434\u0435\u043d\u0435\u0422\u0443\u0440\u043d\u0438\u0440 \u043f\u043e \u043a\u043e\u0434\u0435\u043d\u0435\u0422\u0443\u0440\u043d\u0438\u0440 \u043f\u043e \u043a\u043e\u0434\u0435\u043d\u0435\u0422\u0443\u0440\u043d\u0438\u0440 \u043f\u043e \u043a\u043e\u0434\u0435\u043d\u0435\u0422\u0443\u0440\u043d\u0438\u0440 \u043f\u043e \u043a\u043e\u0434\u0435\u043d\u0435\u0422\u0443\u0440\u043d\u0438\u0440 \u043f\u043e \u043a\u043e\u0434\u0435\u043d\u0435\u0422\u0443\u0440\u043d\u0438\u0440 \u043f\u043e \u043a\u043e\u0434\u0435\u043d\u0435\u0422\u0443\u0440\u043d\u0438\u0440 \u043f\u043e \u043a\u043e\u0434\u0435\u043d\u0435\u0422\u0443\u0440\u043d\u0438\u0440 \u043f\u043e \u043a\u043e\u0434\u0435\u043d\u0435\u0422\u0443\u0440\u043d\u0438\u0440 \u043f\u043e \u043a\u043e\u0434\u0435\u043d\u0435\u0422\u0443\u0440\u043d\u0438\u0440 \u043f\u043e \u043a\u043e\u0434\u0435\u043d\u0435\u0422\u0443\u0440\u043d\u0438\u0440 \u043f\u043e \u043a\u043e\u0434\u0435\u043d\u0435\u0422\u0443\u0440\u043d\u0438\u0440 \u043f\u043e \u043a\u043e\u0434\u0435\u043d\u0435\u0422\u0443\u0440\u043d\u0438\u0440 \u043f\u043e \u043a\u043e\u0434\u0435\u043d\u0435\u0422\u0443\u0440\u043d\u0438\u0440 \u043f\u043e \u043a\u043e\u0434\u0435\u043d\u0435\u0422\u0443\u0440\u043d\u0438\u0440 \u043f\u043e \u043a\u043e\u0434\u0435\u043d\u0435", "schedule": "\u0422\u0443\u0440\u043d\u0438\u0440 \u043f\u043e \u043a\u043e\u0434\u0435\u043d\u0435\u0422\u0443\u0440\u043d\u0438\u0440 \u043f\u043e \u043a\u043e\u0434\u0435\u043d\u0435\u0422\u0443\u0440\u043d\u0438\u0440 \u043f\u043e \u043a\u043e\u0434\u0435\u043d\u0435\u0422\u0443\u0440\u043d\u0438\u0440 \u043f\u043e \u043a\u043e\u0434\u0435\u043d\u0435\u0422\u0443\u0440\u043d\u0438\u0440 \u043f\u043e \u043a\u043e\u0434\u0435\u043d\u0435\u0422\u0443\u0440\u043d\u0438\u0440 \u043f\u043e \u043a\u043e\u0434\u0435\u043d\u0435\u0422\u0443\u0440\u043d\u0438\u0440 \u043f\u043e \u043a\u043e\u0434\u0435\u043d\u0435\u0422\u0443\u0440\u043d\u0438\u0440 \u043f\u043e \u043a\u043e\u0434\u0435\u043d\u0435", "flp": 4, "created_at": "2013-08-23", "target_group": "\u0422\u0443\u0440\u043d\u0438\u0440 \u043f\u043e \u043a\u043e\u0434\u0435\u043d\u0435\u0422\u0443\u0440\u043d\u0438\u0440 \u043f\u043e \u043a\u043e\u0434\u0435\u043d\u0435\u0422\u0443\u0440\u043d\u0438\u0440 \u043f\u043e \u043a\u043e\u0434\u0435\u043d\u0435\u0422\u0443\u0440\u043d\u0438\u0440 \u043f\u043e \u043a\u043e\u0434\u0435\u043d\u0435\u0422\u0443\u0440\u043d\u0438\u0440 \u043f\u043e \u043a\u043e\u0434\u0435\u043d\u0435\u0422\u0443\u0440\u043d\u0438\u0440 \u043f\u043e \u043a\u043e\u0434\u0435\u043d\u0435", "number": "", "files": [], "user": 3, "discussed_at": null, "team": [3, 5, 6, 7, 2, 4, 1], "targets": "\u0422\u0443\u0440\u043d\u0438\u0440 \u043f\u043e \u043a\u043e\u0434\u0435\u043d\u0435\u0422\u0443\u0440\u043d\u0438\u0440 \u043f\u043e \u043a\u043e\u0434\u0435\u043d\u0435\u0422\u0443\u0440\u043d\u0438\u0440 \u043f\u043e \u043a\u043e\u0434\u0435\u043d\u0435\u0422\u0443\u0440\u043d\u0438\u0440 \u043f\u043e \u043a\u043e\u0434\u0435\u043d\u0435\u0422\u0443\u0440\u043d\u0438\u0440 \u043f\u043e \u043a\u043e\u0434\u0435\u043d\u0435\u0422\u0443\u0440\u043d\u0438\u0440 \u043f\u043e \u043a\u043e\u0434\u0435\u043d\u0435\u0422\u0443\u0440\u043d\u0438\u0440 \u043f\u043e \u043a\u043e\u0434\u0435\u043d\u0435\u0422\u0443\u0440\u043d\u0438\u0440 \u043f\u043e \u043a\u043e\u0434\u0435\u043d\u0435", "resources": "\u0422\u0443\u0440\u043d\u0438\u0440 \u043f\u043e \u043a\u043e\u0434\u0435\u043d\u0435\u0422\u0443\u0440\u043d\u0438\u0440 \u043f\u043e \u043a\u043e\u0434\u0435\u043d\u0435\u0422\u0443\u0440\u043d\u0438\u0440 \u043f\u043e \u043a\u043e\u0434\u0435\u043d\u0435\u0422\u0443\u0440\u043d\u0438\u0440 \u043f\u043e \u043a\u043e\u0434\u0435\u043d\u0435\u0422\u0443\u0440\u043d\u0438\u0440 \u043f\u043e \u043a\u043e\u0434\u0435\u043d\u0435\u0422\u0443\u0440\u043d\u0438\u0440 \u043f\u043e \u043a\u043e\u0434\u0435\u043d\u0435\u0422\u0443\u0440\u043d\u0438\u0440 \u043f\u043e \u043a\u043e\u0434\u0435\u043d\u0435\u0422\u0443\u0440\u043d\u0438\u0440 \u043f\u043e \u043a\u043e\u0434\u0435\u043d\u0435\u0422\u0443\u0440\u043d\u0438\u0440 \u043f\u043e \u043a\u043e\u0434\u0435\u043d\u0435\u0422\u0443\u0440\u043d\u0438\u0440 \u043f\u043e \u043a\u043e\u0434\u0435\u043d\u0435\u0422\u0443\u0440\u043d\u0438\u0440 \u043f\u043e \u043a\u043e\u0434\u0435\u043d\u0435", "name": "\u0422\u0443\u0440\u043d\u0438\u0440 \u043f\u043e \u043a\u043e\u0434\u0435\u043d\u0435"}}, {"pk": 4, "model": "projects.project", "fields": {"status": "approved", "partners": "", "attitute": "", "tasks": "\u041d\u0415\u0429\u041e \u0421\u0418\u041d\u0415\u0429\u041e \u0421\u0418\u041d\u0415\u0429\u041e \u0421\u0418\u041d\u0415\u0429\u041e \u0421\u0418\u041d\u0415\u0429\u041e \u0421\u0418\u041d\u0415\u0429\u041e \u0421\u0418\u041d\u0415\u0429\u041e \u0421\u0418\u041d\u0415\u0429\u041e \u0421\u0418\u041d\u0415\u0429\u041e \u0421\u0418\u041d\u0415\u0429\u041e \u0421\u0418\u041d\u0415\u0429\u041e \u0421\u0418\u041d\u0415\u0429\u041e \u0421\u0418\u041d\u0415\u0429\u041e \u0421\u0418\u041d\u0415\u0429\u041e \u0421\u0418\u041d\u0415\u0429\u041e \u0421\u0418", "description": "\u041d\u0415\u0429\u041e \u0421\u0418\u041d\u0415\u0429\u041e \u0421\u0418\u041d\u0415\u0429\u041e \u0421\u0418\u041d\u0415\u0429\u041e \u0421\u0418\u041d\u0415\u0429\u041e \u0421\u0418\u041d\u0415\u0429\u041e \u0421\u0418\u041d\u0415\u0429\u041e \u0421\u0418\u041d\u0415\u0429\u041e \u0421\u0418\u041d\u0415\u0429\u041e \u0421\u0418\u041d\u0415\u0429\u041e \u0421\u0418\u041d\u0415\u0429\u041e \u0421\u0418\u041d\u0415\u0429\u041e \u0421\u0418\u041d\u0415\u0429\u041e \u0421\u0418\u041d\u0415\u0429\u041e \u0421\u0418\u041d\u0415\u0429\u041e \u0421\u0418\u041d\u0415\u0429\u041e \u0421\u0418\u041d\u0415\u0429\u041e \u0421\u0418\u041d\u0415\u0429\u041e \u0421\u0418", "finance_description": "\u041d\u0415\u0429\u041e \u0421\u0418\u041d\u0415\u0429\u041e \u0421\u0418\u041d\u0415\u0429\u041e \u0421\u0418\u041d\u0415\u0429\u041e \u0421\u0418\u041d\u0415\u0429\u041e \u0421\u0418\u041d\u0415\u0429\u041e \u0421\u0418\u041d\u0415\u0429\u041e \u0421\u0418\u041d\u0415\u0429\u041e \u0421\u0418\u041d\u0415\u0429\u041e \u0421\u0418\u041d\u0415\u0429\u041e \u0421\u0418\u041d\u0415\u0429\u041e \u0421\u0418\u041d\u0415\u0429\u041e \u0421\u0418\u041d\u0415\u0429\u041e \u0421\u0418\u041d\u0415\u0429\u041e \u0421\u0418\u041d\u0415\u0429\u041e \u0421\u0418\u041d\u0415\u0429\u041e \u0421\u0418\u041d\u0415\u0429\u041e \u0421\u0418\u041d\u0415\u0429\u041e \u0421\u0418\u041d\u0415\u0429\u041e \u0421\u0418\u041d\u0415\u0429\u041e \u0421\u0418\u041d\u0415\u0429\u041e \u0421\u0418", "schedule": "\u041d\u0415\u0429\u041e \u0421\u0418\u041d\u0415\u0429\u041e \u0421\u0418\u041d\u0415\u0429\u041e \u0421\u0418\u041d\u0415\u0429\u041e \u0421\u0418\u041d\u0415\u0429\u041e \u0421\u0418\u041d\u0415\u0429\u041e \u0421\u0418\u041d\u0415\u0429\u041e \u0421\u0418\u041d\u0415\u0429\u041e \u0421\u0418\u041d\u0415\u0429\u041e \u0421\u0418\u041d\u0415\u0429\u041e \u0421\u0418\u041d\u0415\u0429\u041e \u0421\u0418\u041d\u0415\u0429\u041e \u0421\u0418\u041d\u0415\u0429\u041e \u0421\u0418\u041d\u0415\u0429\u041e \u0421\u0418\u041d\u0415\u0429\u041e \u0421\u0418\u041d\u0415\u0429\u041e \u0421\u0418\u041d\u0415\u0429\u041e \u0421\u0418", "flp": 2, "created_at": "2013-08-23", "target_group": "\u041d\u0415\u0429\u041e \u0421\u0418\u041d\u0415\u0429\u041e \u0421\u0418\u041d\u0415\u0429\u041e \u0421\u0418\u041d\u0415\u0429\u041e \u0421\u0418\u041d\u0415\u0429\u041e \u0421\u0418\u041d\u0415\u0429\u041e \u0421\u0418\u041d\u0415\u0429\u041e \u0421\u0418\u041d\u0415\u0429\u041e \u0421\u0418\u041d\u0415\u0429\u041e \u0421\u0418\u041d\u0415\u0429\u041e \u0421\u0418\u041d\u0415\u0429\u041e \u0421\u0418\u041d\u0415\u0429\u041e \u0421\u0418\u041d\u0415\u0429\u041e \u0421\u0418\u041d\u0415\u0429\u041e \u0421\u0418\u041d\u0415\u0429\u041e \u0421\u0418\u041d\u0415\u0429\u041e \u0421\u0418\u0436\u0436", "number": "", "files": [], "user": 6, "discussed_at": null, "team": [2, 4, 1], "targets": "\u041d\u0415\u0429\u041e \u0421\u0418\u041d\u0415\u0429\u041e \u0421\u0418\u041d\u0415\u0429\u041e \u0421\u0418\u041d\u0415\u0429\u041e \u0421\u0418\u041d\u0415\u0429\u041e \u0421\u0418\u041d\u0415\u0429\u041e \u0421\u0418\u041d\u0415\u0429\u041e \u0421\u0418\u041d\u0415\u0429\u041e \u0421\u0418\u041d\u0415\u0429\u041e \u0421\u0418\u041d\u0415\u0429\u041e \u0421\u0418\u041d\u0415\u0429\u041e \u0421\u0418\u041d\u0415\u0429\u041e \u0421\u0418\u041d\u0415\u0429\u041e \u0421\u0418\u041d\u0415\u0429\u041e \u0421\u0418\u041d\u0415\u0429\u041e \u0421\u0418\u041d\u0415\u0429\u041e \u0421\u0418\u041d\u0415\u0429\u041e \u0421\u0418", "resources": "\u041d\u0415\u0429\u041e \u0421\u0418\u041d\u0415\u0429\u041e \u0421\u0418\u041d\u0415\u0429\u041e \u0421\u0418\u041d\u0415\u0429\u041e \u0421\u0418\u041d\u0415\u0429\u041e \u0421\u0418\u041d\u0415\u0429\u041e \u0421\u0418\u041d\u0415\u0429\u041e \u0421\u0418\u041d\u0415\u0429\u041e \u0421\u0418\u041d\u0415\u0429\u041e \u0421\u0418\u041d\u0415\u0429\u041e \u0421\u0418\u041d\u0415\u0429\u041e \u0421\u0418\u041d\u0415\u0429\u041e \u0421\u0418\u041d\u0415\u0429\u041e \u0421\u0418\u041d\u0415\u0429\u041e \u0421\u0418\u041d\u0415\u0429\u041e \u0421\u0418\u041d\u0415\u0429\u041e \u0421\u0418\u041d\u0415\u0429\u041e \u0421\u0418\u041d\u0415\u0429\u041e \u0421\u0418\u041d\u0415\u0429\u041e \u0421\u0418", "name": "\u0410\u0437 \u0441\u044a\u043c \u043e\u0434\u043e\u0431\u0440\u0435\u043d"}}, {"pk": 5, "model": "projects.project", "fields": {"status": "rejected", "partners": "", "attitute": "\u041c\u043d\u043e\u0433\u043e \u0433\u043b\u0443\u043f\u0430\u0432\u0430 \u0438\u0434\u0435\u044f. \u041d\u0435 \u0432\u0438\u0436\u0434\u0430\u043c\u0435 \u0438 \u043c\u0438\u043d\u0438\u043c\u0430\u043b\u0435\u043d \u0441\u043c\u0438\u0441\u044a\u043b \u0434\u0430 \u044f \u0441\u043f\u043e\u043d\u0441\u043e\u0440\u0438\u0440\u0430\u043c\u0435.", "tasks": "\u0414\u0430 \u0441\u0435 \u043d\u0430\u044f\u0434\u0435\u043c. \u0414\u0430 \u0434\u044a\u0440\u0436\u0438\u043c \u043a\u043e\u043c\u043f\u0435\u0442\u0438\u0442\u0438\u0432 \u0441\u043f\u0438\u0440\u0438\u0442 \u0438 \u0432\u0441\u044f\u043a\u0430\u043a\u0432\u0438 \u0442\u0430\u043a\u0438\u0432\u0430. ", "description": "\u0422\u0443\u0440\u043d\u0438\u0440 \u043f\u043e \u044f\u0434\u0435\u043d\u0435 \u043d\u0430 \u043a\u0438\u0441\u0435\u043b\u043e \u043c\u043b\u0415\u043a\u043e \u0441 \u043a\u0438\u0442\u0430\u0439\u0441\u043a\u0438 \u043a\u043b\u0435\u0447\u043a\u0438 \u0437\u0430 \u0437\u044a\u0431\u0438.", "finance_description": "2.50\u043b\u0432. \u0437\u0430 \u043e\u0440\u0438\u0437\u0432. 2.00\u043b\u0432. \u0437\u0430 \u0412\u043e\u0434\u0430 + \u0422\u043e\u043a (\u0434\u0430 \u0433\u043e \u0441\u0432\u0430\u0440\u0438\u043c). 0.50\u043b\u0432 \u0437\u0430 \u043a\u043b\u0435\u0447\u043a\u0438 \u0437\u0430 \u0437\u044a\u0431\u0438.", "schedule": "\u041f\u043e\u0447\u0432\u0430\u043c\u0435 \u0441\u0443\u0442\u0440\u0438\u043d \u0438 \u0441\u0432\u044a\u0440\u0448\u0432\u0430\u043c\u0435 \u0441\u0443\u0442\u0440\u0438\u043d, \u0430\u043c\u0430 \u0441\u043b\u0435\u0434 \u0434\u0432\u0430 \u0434\u0435\u043d\u0430.", "flp": 5, "created_at": "2013-08-26", "target_group": "\u0412\u0441\u044f\u043a\u0430\u043a\u0432\u0438 \u0438\u0434\u0438\u043e\u0442\u0438 \u0441\u0430 Target Group. \u041f\u043e\u0431\u0435\u0434\u0438\u0442\u0435\u043b\u044f \u043f\u043e\u043b\u0443\u0447\u0430\u0432\u0430 \u043a\u043e\u043d\u0435\u0446 \u0437\u0430 \u0437\u044a\u0431\u0438 \u0432\u0442\u043e\u0440\u0430 \u0440\u044a\u043a\u0430.", "number": "66912", "files": [], "user": 4, "discussed_at": "2013-08-26", "team": [4], "targets": "\u0414\u0430 \u0441\u0438 \u043f\u0440\u0435\u043a\u0430\u0440\u0430\u043c\u0435 \u0437\u0430\u0441\u0438\u0449\u0430\u0449\u043e.", "resources": "5 \u043b\u0435\u0432\u0430.", "name": "\u0410\u0437 \u0441\u044a\u043c \u043d\u0435\u043e\u0434\u043e\u0431\u0440\u0435\u043d"}}, {"pk": 6, "model": "projects.project", "fields": {"status": "pending", "partners": "", "attitute": "", "tasks": "\u0430\u0441\u0445\u0430\u043a\u0441\u0430\u0434", "description": "\u0430\u0441\u0445\u0430\u043a\u0441\u0430\u0434", "finance_description": "\u0430\u0441\u0445\u0430\u043a\u0441\u0430\u0434", "schedule": "\u0430\u0441\u0445\u0430\u043a\u0441\u0430\u0434", "flp": 5, "created_at": "2013-06-15", "target_group": "\u0430\u0441\u0445\u0430\u043a\u0441\u0430\u0434", "number": "", "files": [], "user": 5, "discussed_at": null, "team": [5, 6], "targets": "\u0430\u0441\u0445\u0430\u043a\u0441\u0430\u0434", "resources": "\u0430\u0441\u0445\u0430\u043a\u0441\u0430\u0434", "name": "\u042e\u043d\u0438 2013"}}, {"pk": 7, "model": "projects.project", "fields": {"status": "returned", "partners": "", "attitute": "", "tasks": "asdjkada", "description": "asdjkada", "finance_description": "asdjkada", "schedule": "asdjkada", "flp": 7, "created_at": "2013-02-11", "target_group": "asdjkada", "number": "", "files": [], "user": 3, "discussed_at": null, "team": [5, 6], "targets": "asdjkada", "resources": "asdjkada", "name": "\u0424\u0435\u0432\u0440\u0443\u0430\u0440\u0438"}}, {"pk": 8, "model": "projects.project", "fields": {"status": "pending", "partners": "", "attitute": "", "tasks": "\u0430\u0441\u0434\u0430\u0434\u0430", "description": "\u0430\u0441\u0434\u0430\u0434\u0430", "finance_description": "\u0430\u0441\u0434\u0430\u0434\u0430", "schedule": "\u0430\u0441\u0434\u0430\u0434\u0430", "flp": 2, "created_at": "2012-12-26", "target_group": "\u0430\u0441\u0434\u0430\u0434\u0430", "number": "", "files": [], "user": 4, "discussed_at": null, "team": [5, 6], "targets": "\u0430\u0441\u0434\u0430\u0434\u0430", "resources": "\u0430\u0441\u0434\u0430\u0434\u0430", "name": "\u0414\u0435\u043a\u0435\u043c\u0432\u0440\u0438 2012"}}, {"pk": 9, "model": "projects.project", "fields": {"status": "rejected", "partners": "", "attitute": "", "tasks": "\u0421\u0442\u0430\u0440\u043e \u0441\u0442\u0430\u0440\u043e.. \u0423\u0445\u0443\u0443\u0443 \u0434\u0430 \u0432\u0438\u0434\u0438\u043c \u0432 \u0430\u0440\u0445\u0438\u0432\u0430 \u0434\u0430\u043b\u0438 \u0449\u0435 \u0441\u0435 \u043f\u043e\u043a\u0430\u0437\u0432\u0430", "description": "\u0421\u0442\u0430\u0440\u043e \u0441\u0442\u0430\u0440\u043e.. \u0423\u0445\u0443\u0443\u0443 \u0434\u0430 \u0432\u0438\u0434\u0438\u043c \u0432 \u0430\u0440\u0445\u0438\u0432\u0430 \u0434\u0430\u043b\u0438 \u0449\u0435 \u0441\u0435 \u043f\u043e\u043a\u0430\u0437\u0432\u0430", "finance_description": "\u0421\u0442\u0430\u0440\u043e \u0441\u0442\u0430\u0440\u043e.. \u0423\u0445\u0443\u0443\u0443 \u0434\u0430 \u0432\u0438\u0434\u0438\u043c \u0432 \u0430\u0440\u0445\u0438\u0432\u0430 \u0434\u0430\u043b\u0438 \u0449\u0435 \u0441\u0435 \u043f\u043e\u043a\u0430\u0437\u0432\u0430", "schedule": "\u0421\u0442\u0430\u0440\u043e \u0441\u0442\u0430\u0440\u043e.. \u0423\u0445\u0443\u0443\u0443 \u0434\u0430 \u0432\u0438\u0434\u0438\u043c \u0432 \u0430\u0440\u0445\u0438\u0432\u0430 \u0434\u0430\u043b\u0438 \u0449\u0435 \u0441\u0435 \u043f\u043e\u043a\u0430\u0437\u0432\u0430", "flp": 5, "created_at": "2011-03-26", "target_group": "\u0421\u0442\u0430\u0440\u043e \u0441\u0442\u0430\u0440\u043e.. \u0423\u0445\u0443\u0443\u0443 \u0434\u0430 \u0432\u0438\u0434\u0438\u043c \u0432 \u0430\u0440\u0445\u0438\u0432\u0430 \u0434\u0430\u043b\u0438 \u0449\u0435 \u0441\u0435 \u043f\u043e\u043a\u0430\u0437\u0432\u0430", "number": "", "files": [], "user": 5, "discussed_at": null, "team": [5, 6], "targets": "\u0421\u0442\u0430\u0440\u043e \u0441\u0442\u0430\u0440\u043e.. \u0423\u0445\u0443\u0443\u0443 \u0434\u0430 \u0432\u0438\u0434\u0438\u043c \u0432 \u0430\u0440\u0445\u0438\u0432\u0430 \u0434\u0430\u043b\u0438 \u0449\u0435 \u0441\u0435 \u043f\u043e\u043a\u0430\u0437\u0432\u0430", "resources": "\u0421\u0442\u0430\u0440\u043e \u0441\u0442\u0430\u0440\u043e.. \u0423\u0445\u0443\u0443\u0443 \u0434\u0430 \u0432\u0438\u0434\u0438\u043c \u0432 \u0430\u0440\u0445\u0438\u0432\u0430 \u0434\u0430\u043b\u0438 \u0449\u0435 \u0441\u0435 \u043f\u043e\u043a\u0430\u0437\u0432\u0430", "name": "\u041c\u0430\u0440\u0442 \u043c\u0435\u0441\u0435\u0446 2011"}}, {"pk": 1, "model": "protocols.protocol", "fields": {"scheduled_time": "14:24:33", "absent": [6], "additional": "\u0421\u044a\u0431\u0440\u0430\u043b\u0438 \u0441\u043c\u0435 \u0441\u0435 \u0434\u043d\u0435\u0441, \u0437\u0430 \u0434\u0430 \u0440\u0435\u0448\u0438\u043c \u043a\u0430\u043a\u0432\u043e \u0434\u0430 \u043f\u0440\u0430\u0432\u0438\u043c \u0441 \u0442\u0443\u0442\u043d\u0438\u0440\u0430 \u043f\u043e Warcraft. \u0417\u0430 \u043d\u0435\u0433\u043e \u0438\u043c\u0430\u043c\u0435 \u0437\u0430\u043f\u0438\u0441\u0430\u043d\u0438 \u043e\u043a\u043e\u043b\u043e 150 \u0447\u043e\u0432\u0435\u043a\u0430.", "excused": [1], "voted_for": 3, "start_time": "14:24:50", "voted_abstain": 1, "number": "6381", "majority": 4, "voted_against": 1, "conducted_at": "2013-08-23", "information": "\u041f\u043e\u0432\u0435\u0447\u0435 \u0438\u043d\u0444\u043e\u0440\u043c\u0430\u0446\u0438\u044f, \u0441\u043c\u044f\u0442\u0430\u043c \u0447\u0435 \u0435 \u043d\u0435\u043d\u0443\u0436\u043d\u0430", "current_majority": 3, "attendents": [3, 5, 2], "institution": 1, "quorum": 2}}, {"pk": 2, "model": "protocols.protocol", "fields": {"scheduled_time": "14:37:34", "absent": [3, 1], "additional": "", "excused": [6, 4], "voted_for": 0, "start_time": "14:37:47", "voted_abstain": 0, "number": "12331", "majority": 21, "voted_against": 0, "conducted_at": "2013-08-23", "information": "", "current_majority": 10, "attendents": [3, 4], "institution": 1, "quorum": 12}}, {"pk": 1, "model": "reports.report", "fields": {"content": "\u041d\u0435 \u0441\u044a\u043c \u0441\u044a\u0433\u043b\u0430\u0441\u0435\u043d \u043e\u0442\u043d\u043e\u0441\u043d\u043e \u0442\u043e\u0432\u0430 \u0440\u0435\u0448\u0435\u043d\u0438\u0435.", "addressed_to": "\u0414\u0435\u043a\u0430\u043d \u043d\u0430 \u0424\u0438\u0437\u0438\u043e\u043b\u043e\u0433\u0438\u0447\u0435\u0441\u043a\u0438\u044f \u0424\u0430\u043a\u0443\u043b\u0442\u0435\u0442 \u043a\u044a\u043c \u0421\u043e\u0444\u0438\u0439\u0441\u043a\u0438 \u0423\u043d\u0438\u0432\u0435\u0440\u0441\u0438\u0442\u0435\u0442 \u201e\u0421\u0432 \u041a\u043b\u0438\u043c\u0435\u043d\u0442 \u041e\u0445\u0440\u0438\u0434\u0441\u043a\u0438\"", "created_at": "2013-08-23", "signed_from": "miimir", "reported_from": 4}}, {"pk": 1, "model": "reversion.revision", "fields": {"comment": "", "date_created": "2013-08-23T11:13:30.463Z", "manager_slug": "default", "user": null}}, {"pk": 2, "model": "reversion.revision", "fields": {"comment": "Initial version.", "date_created": "2013-08-23T11:20:56.724Z", "manager_slug": "default", "user": 1}}, {"pk": 3, "model": "reversion.revision", "fields": {"comment": "Initial version.", "date_created": "2013-08-23T11:21:16.776Z", "manager_slug": "default", "user": 1}}, {"pk": 4, "model": "reversion.revision", "fields": {"comment": "Initial version.", "date_created": "2013-08-23T11:21:29.482Z", "manager_slug": "default", "user": 1}}, {"pk": 5, "model": "reversion.revision", "fields": {"comment": "Initial version.", "date_created": "2013-08-23T11:21:50.175Z", "manager_slug": "default", "user": 1}}, {"pk": 6, "model": "reversion.revision", "fields": {"comment": "Initial version.", "date_created": "2013-08-23T11:22:05.494Z", "manager_slug": "default", "user": 1}}, {"pk": 7, "model": "reversion.revision", "fields": {"comment": "Initial version.", "date_created": "2013-08-23T11:22:36.077Z", "manager_slug": "default", "user": 1}}, {"pk": 8, "model": "reversion.revision", "fields": {"comment": "Initial version.", "date_created": "2013-08-23T11:23:36.288Z", "manager_slug": "default", "user": 1}}, {"pk": 9, "model": "reversion.revision", "fields": {"comment": "Initial version.", "date_created": "2013-08-23T11:24:28.098Z", "manager_slug": "default", "user": 1}}, {"pk": 10, "model": "reversion.revision", "fields": {"comment": "Initial version.", "date_created": "2013-08-23T11:25:44.359Z", "manager_slug": "default", "user": 1}}, {"pk": 11, "model": "reversion.revision", "fields": {"comment": "Initial version.", "date_created": "2013-08-23T11:26:14.896Z", "manager_slug": "default", "user": 1}}, {"pk": 12, "model": "reversion.revision", "fields": {"comment": "Initial version.", "date_created": "2013-08-23T11:26:21.330Z", "manager_slug": "default", "user": 1}}, {"pk": 13, "model": "reversion.revision", "fields": {"comment": "Initial version.", "date_created": "2013-08-23T11:26:32.795Z", "manager_slug": "default", "user": 1}}, {"pk": 14, "model": "reversion.revision", "fields": {"comment": "Deleted copy.", "date_created": "2013-08-23T11:26:44.533Z", "manager_slug": "default", "user": 1}}, {"pk": 15, "model": "reversion.revision", "fields": {"comment": "\u041f\u0440\u043e\u043c\u0435\u043d\u0435\u043d\u043e password \u0438 groups.", "date_created": "2013-08-23T11:29:18.021Z", "manager_slug": "default", "user": 1}}, {"pk": 16, "model": "reversion.revision", "fields": {"comment": "\u041f\u0440\u043e\u043c\u0435\u043d\u0435\u043d\u043e password \u0438 groups.", "date_created": "2013-08-23T11:29:34.402Z", "manager_slug": "default", "user": 1}}, {"pk": 17, "model": "reversion.revision", "fields": {"comment": "Initial version.", "date_created": "2013-08-23T11:32:27.655Z", "manager_slug": "default", "user": 1}}, {"pk": 18, "model": "reversion.revision", "fields": {"comment": "Initial version.", "date_created": "2013-08-23T11:33:24.883Z", "manager_slug": "default", "user": 1}}, {"pk": 19, "model": "reversion.revision", "fields": {"comment": "Initial version.", "date_created": "2013-08-23T11:34:17.446Z", "manager_slug": "default", "user": 1}}, {"pk": 20, "model": "reversion.revision", "fields": {"comment": "Initial version.", "date_created": "2013-08-23T11:34:17.650Z", "manager_slug": "default", "user": 1}}, {"pk": 21, "model": "reversion.revision", "fields": {"comment": "Deleted project.", "date_created": "2013-08-23T11:34:36.244Z", "manager_slug": "default", "user": 1}}, {"pk": 22, "model": "reversion.revision", "fields": {"comment": "\u041f\u0440\u043e\u043c\u0435\u043d\u0435\u043d\u043e faculty_number,password,first_name \u0438 last_name.", "date_created": "2013-08-23T11:35:36.401Z", "manager_slug": "default", "user": 1}}, {"pk": 23, "model": "reversion.revision", "fields": {"comment": "\u041f\u0440\u043e\u043c\u0435\u043d\u0435\u043d\u043e password,first_name,last_name \u0438 email.", "date_created": "2013-08-23T11:35:50.511Z", "manager_slug": "default", "user": 1}}, {"pk": 24, "model": "reversion.revision", "fields": {"comment": "\u041f\u0440\u043e\u043c\u0435\u043d\u0435\u043d\u043e password,first_name,last_name \u0438 email.", "date_created": "2013-08-23T11:36:04.764Z", "manager_slug": "default", "user": 1}}, {"pk": 25, "model": "reversion.revision", "fields": {"comment": "\u041f\u0440\u043e\u043c\u0435\u043d\u0435\u043d\u043e password,first_name,last_name \u0438 email.", "date_created": "2013-08-23T11:36:17.470Z", "manager_slug": "default", "user": 1}}, {"pk": 26, "model": "reversion.revision", "fields": {"comment": "\u041f\u0440\u043e\u043c\u0435\u043d\u0435\u043d\u043e password,first_name,last_name \u0438 email.", "date_created": "2013-08-23T11:36:31.282Z", "manager_slug": "default", "user": 1}}, {"pk": 27, "model": "reversion.revision", "fields": {"comment": "\u041f\u0440\u043e\u043c\u0435\u043d\u0435\u043d\u043e password,first_name,last_name \u0438 email.", "date_created": "2013-08-23T11:36:49.744Z", "manager_slug": "default", "user": 1}}, {"pk": 28, "model": "reversion.revision", "fields": {"comment": "\u041f\u0440\u043e\u043c\u0435\u043d\u0435\u043d\u043e password,first_name,last_name \u0438 email.", "date_created": "2013-08-23T11:37:00.693Z", "manager_slug": "default", "user": 1}}, {"pk": 29, "model": "reversion.revision", "fields": {"comment": "Initial version.", "date_created": "2013-08-23T11:37:56.508Z", "manager_slug": "default", "user": 1}}, {"pk": 30, "model": "reversion.revision", "fields": {"comment": "Initial version.", "date_created": "2013-08-23T11:38:18.974Z", "manager_slug": "default", "user": 1}}, {"pk": 31, "model": "reversion.revision", "fields": {"comment": "Initial version.", "date_created": "2013-08-23T11:39:02.365Z", "manager_slug": "default", "user": 1}}, {"pk": 32, "model": "reversion.revision", "fields": {"comment": "Initial version.", "date_created": "2013-08-23T11:39:46.661Z", "manager_slug": "default", "user": 1}}, {"pk": 33, "model": "reversion.revision", "fields": {"comment": "", "date_created": "2013-08-23T11:41:46.754Z", "manager_slug": "default", "user": null}}, {"pk": 34, "model": "reversion.revision", "fields": {"comment": "", "date_created": "2013-08-23T11:41:56.689Z", "manager_slug": "default", "user": null}}, {"pk": 35, "model": "reversion.revision", "fields": {"comment": "", "date_created": "2013-08-23T12:07:57.749Z", "manager_slug": "default", "user": null}}, {"pk": 36, "model": "reversion.revision", "fields": {"comment": "", "date_created": "2013-08-23T12:08:06.622Z", "manager_slug": "default", "user": 2}}, {"pk": 37, "model": "reversion.revision", "fields": {"comment": "", "date_created": "2013-08-23T12:28:52.977Z", "manager_slug": "default", "user": null}}, {"pk": 38, "model": "reversion.revision", "fields": {"comment": "", "date_created": "2013-08-23T12:29:07.835Z", "manager_slug": "default", "user": null}}, {"pk": 39, "model": "reversion.revision", "fields": {"comment": "", "date_created": "2013-08-26T07:01:30.633Z", "manager_slug": "default", "user": null}}, {"pk": 40, "model": "reversion.revision", "fields": {"comment": "Initial version.", "date_created": "2013-08-26T07:06:15.526Z", "manager_slug": "default", "user": 1}}, {"pk": 41, "model": "reversion.revision", "fields": {"comment": "Initial version.", "date_created": "2013-08-26T07:40:52.199Z", "manager_slug": "default", "user": 1}}, {"pk": 42, "model": "reversion.revision", "fields": {"comment": "Initial version.", "date_created": "2013-08-26T07:41:30.266Z", "manager_slug": "default", "user": 1}}, {"pk": 43, "model": "reversion.revision", "fields": {"comment": "Initial version.", "date_created": "2013-08-26T07:42:13.755Z", "manager_slug": "default", "user": 1}}, {"pk": 44, "model": "reversion.revision", "fields": {"comment": "Initial version.", "date_created": "2013-08-26T08:50:11.999Z", "manager_slug": "default", "user": 1}}, {"pk": 45, "model": "reversion.revision", "fields": {"comment": "\u041f\u0440\u043e\u043c\u0435\u043d\u0435\u043d\u043e created_at.", "date_created": "2013-08-26T08:50:58.741Z", "manager_slug": "default", "user": 1}}, {"pk": 46, "model": "reversion.revision", "fields": {"comment": "Initial version.", "date_created": "2013-08-26T09:08:09.060Z", "manager_slug": "default", "user": 1}}, {"pk": 1, "model": "admin.logentry", "fields": {"action_flag": 1, "action_time": "2013-08-23T11:20:56.715Z", "object_repr": "viki", "object_id": "2", "change_message": "", "user": 1, "content_type": 10}}, {"pk": 2, "model": "admin.logentry", "fields": {"action_flag": 1, "action_time": "2013-08-23T11:21:16.762Z", "object_repr": "filareta", "object_id": "3", "change_message": "", "user": 1, "content_type": 10}}, {"pk": 3, "model": "admin.logentry", "fields": {"action_flag": 1, "action_time": "2013-08-23T11:21:29.470Z", "object_repr": "hristo", "object_id": "4", "change_message": "", "user": 1, "content_type": 10}}, {"pk": 4, "model": "admin.logentry", "fields": {"action_flag": 1, "action_time": "2013-08-23T11:21:50.166Z", "object_repr": "radorado", "object_id": "5", "change_message": "", "user": 1, "content_type": 10}}, {"pk": 5, "model": "admin.logentry", "fields": {"action_flag": 1, "action_time": "2013-08-23T11:22:05.485Z", "object_repr": "ivaylo", "object_id": "6", "change_message": "", "user": 1, "content_type": 10}}, {"pk": 6, "model": "admin.logentry", "fields": {"action_flag": 1, "action_time": "2013-08-23T11:22:36.066Z", "object_repr": "veni", "object_id": "7", "change_message": "", "user": 1, "content_type": 10}}, {"pk": 7, "model": "admin.logentry", "fields": {"action_flag": 1, "action_time": "2013-08-23T11:23:36.285Z", "object_repr": "\u0414\u0435\u043a\u0430\u043d \u043d\u0430 \u0424\u0438\u0437\u0438\u043e\u043b\u043e\u0433\u0438\u0447\u0435\u0441\u043a\u0438\u044f \u0424\u0430\u043a\u0443\u043b\u0442\u0435\u0442 \u043a\u044a\u043c \u0421\u043e\u0444\u0438\u0439\u0441\u043a\u0438 \u0423\u043d\u0438\u0432\u0435\u0440\u0441\u0438\u0442\u0435\u0442 \u201e\u0421\u0432 \u041a\u043b\u0438\u043c\u0435\u043d\u0442 \u041e\u0445\u0440\u0438\u0434\u0441\u043a\u0438\"", "object_id": "1", "change_message": "", "user": 1, "content_type": 17}}, {"pk": 8, "model": "admin.logentry", "fields": {"action_flag": 1, "action_time": "2013-08-23T11:24:28.094Z", "object_repr": "\u0421\u0442\u0443\u0434\u0435\u043d\u0442\u0441\u043a\u0438 \u0421\u044a\u0432\u0435\u0442", "object_id": "1", "change_message": "", "user": 1, "content_type": 14}}, {"pk": 9, "model": "admin.logentry", "fields": {"action_flag": 1, "action_time": "2013-08-23T11:25:44.343Z", "object_repr": "6381", "object_id": "1", "change_message": "", "user": 1, "content_type": 15}}, {"pk": 10, "model": "admin.logentry", "fields": {"action_flag": 1, "action_time": "2013-08-23T11:26:14.889Z", "object_repr": "\u0417\u0430\u043b\u0430 \u0437\u0430 \u0422\u0443\u0440\u043d\u0438\u0440\u0430", "object_id": "1", "change_message": "", "user": 1, "content_type": 13}}, {"pk": 11, "model": "admin.logentry", "fields": {"action_flag": 1, "action_time": "2013-08-23T11:26:21.322Z", "object_repr": "Copy object", "object_id": "1", "change_message": "", "user": 1, "content_type": 16}}, {"pk": 12, "model": "admin.logentry", "fields": {"action_flag": 1, "action_time": "2013-08-23T11:26:32.788Z", "object_repr": "Copy object", "object_id": "2", "change_message": "", "user": 1, "content_type": 16}}, {"pk": 13, "model": "admin.logentry", "fields": {"action_flag": 3, "action_time": "2013-08-23T11:26:44.528Z", "object_repr": "Copy object", "object_id": "2", "change_message": "", "user": 1, "content_type": 16}}, {"pk": 14, "model": "admin.logentry", "fields": {"action_flag": 1, "action_time": "2013-08-23T11:28:21.722Z", "object_repr": "\u041f\u0440\u0435\u0446\u0435\u0434\u0430\u0442\u0435\u043b\u0438", "object_id": "1", "change_message": "", "user": 1, "content_type": 2}}, {"pk": 15, "model": "admin.logentry", "fields": {"action_flag": 1, "action_time": "2013-08-23T11:28:58.719Z", "object_repr": "\u0414\u0430 \u0435\u0434\u0438\u0442\u0432\u0430 \u0421\u0442\u0430\u0442\u0443\u0441 \u041f\u0440\u043e\u0435\u043a\u0442\u0438", "object_id": "2", "change_message": "", "user": 1, "content_type": 2}}, {"pk": 16, "model": "admin.logentry", "fields": {"action_flag": 2, "action_time": "2013-08-23T11:29:18.011Z", "object_repr": "filareta", "object_id": "3", "change_message": "\u041f\u0440\u043e\u043c\u0435\u043d\u0435\u043d\u043e password \u0438 groups.", "user": 1, "content_type": 10}}, {"pk": 17, "model": "admin.logentry", "fields": {"action_flag": 2, "action_time": "2013-08-23T11:29:34.392Z", "object_repr": "radorado", "object_id": "5", "change_message": "\u041f\u0440\u043e\u043c\u0435\u043d\u0435\u043d\u043e password \u0438 groups.", "user": 1, "content_type": 10}}, {"pk": 18, "model": "admin.logentry", "fields": {"action_flag": 1, "action_time": "2013-08-23T11:32:27.643Z", "object_repr": "\u0422\u0443\u0440\u043d\u0438\u0440 \u043f\u043e \u0428\u0430\u0445\u043c\u0430\u0442", "object_id": "1", "change_message": "", "user": 1, "content_type": 12}}, {"pk": 19, "model": "admin.logentry", "fields": {"action_flag": 1, "action_time": "2013-08-23T11:33:24.874Z", "object_repr": "\u0422\u0443\u0440\u043d\u0438\u0440 \u043f\u043e \u043a\u043e\u0434\u0435\u043d\u0435", "object_id": "2", "change_message": "", "user": 1, "content_type": 12}}, {"pk": 20, "model": "admin.logentry", "fields": {"action_flag": 1, "action_time": "2013-08-23T11:34:17.435Z", "object_repr": "\u0410\u0437 \u0441\u044a\u043c \u043e\u0434\u043e\u0431\u0440\u0435\u043d", "object_id": "3", "change_message": "", "user": 1, "content_type": 12}}, {"pk": 21, "model": "admin.logentry", "fields": {"action_flag": 1, "action_time": "2013-08-23T11:34:17.643Z", "object_repr": "\u0410\u0437 \u0441\u044a\u043c \u043e\u0434\u043e\u0431\u0440\u0435\u043d", "object_id": "4", "change_message": "", "user": 1, "content_type": 12}}, {"pk": 22, "model": "admin.logentry", "fields": {"action_flag": 3, "action_time": "2013-08-23T11:34:36.233Z", "object_repr": "\u0410\u0437 \u0441\u044a\u043c \u043e\u0434\u043e\u0431\u0440\u0435\u043d", "object_id": "3", "change_message": "", "user": 1, "content_type": 12}}, {"pk": 23, "model": "admin.logentry", "fields": {"action_flag": 2, "action_time": "2013-08-23T11:35:36.390Z", "object_repr": "admin", "object_id": "1", "change_message": "\u041f\u0440\u043e\u043c\u0435\u043d\u0435\u043d\u043e faculty_number,password,first_name \u0438 last_name.", "user": 1, "content_type": 10}}, {"pk": 24, "model": "admin.logentry", "fields": {"action_flag": 2, "action_time": "2013-08-23T11:35:50.500Z", "object_repr": "filareta", "object_id": "3", "change_message": "\u041f\u0440\u043e\u043c\u0435\u043d\u0435\u043d\u043e password,first_name,last_name \u0438 email.", "user": 1, "content_type": 10}}, {"pk": 25, "model": "admin.logentry", "fields": {"action_flag": 2, "action_time": "2013-08-23T11:36:04.754Z", "object_repr": "hristo", "object_id": "4", "change_message": "\u041f\u0440\u043e\u043c\u0435\u043d\u0435\u043d\u043e password,first_name,last_name \u0438 email.", "user": 1, "content_type": 10}}, {"pk": 26, "model": "admin.logentry", "fields": {"action_flag": 2, "action_time": "2013-08-23T11:36:17.463Z", "object_repr": "ivaylo", "object_id": "6", "change_message": "\u041f\u0440\u043e\u043c\u0435\u043d\u0435\u043d\u043e password,first_name,last_name \u0438 email.", "user": 1, "content_type": 10}}, {"pk": 27, "model": "admin.logentry", "fields": {"action_flag": 2, "action_time": "2013-08-23T11:36:31.271Z", "object_repr": "radorado", "object_id": "5", "change_message": "\u041f\u0440\u043e\u043c\u0435\u043d\u0435\u043d\u043e password,first_name,last_name \u0438 email.", "user": 1, "content_type": 10}}, {"pk": 28, "model": "admin.logentry", "fields": {"action_flag": 2, "action_time": "2013-08-23T11:36:49.734Z", "object_repr": "veni", "object_id": "7", "change_message": "\u041f\u0440\u043e\u043c\u0435\u043d\u0435\u043d\u043e password,first_name,last_name \u0438 email.", "user": 1, "content_type": 10}}, {"pk": 29, "model": "admin.logentry", "fields": {"action_flag": 2, "action_time": "2013-08-23T11:37:00.685Z", "object_repr": "viki", "object_id": "2", "change_message": "\u041f\u0440\u043e\u043c\u0435\u043d\u0435\u043d\u043e password,first_name,last_name \u0438 email.", "user": 1, "content_type": 10}}, {"pk": 30, "model": "admin.logentry", "fields": {"action_flag": 1, "action_time": "2013-08-23T11:37:56.493Z", "object_repr": "12331", "object_id": "2", "change_message": "", "user": 1, "content_type": 15}}, {"pk": 31, "model": "admin.logentry", "fields": {"action_flag": 1, "action_time": "2013-08-23T11:38:18.971Z", "object_repr": "\u0414\u0435\u043a\u0430\u043d", "object_id": "2", "change_message": "", "user": 1, "content_type": 14}}, {"pk": 32, "model": "admin.logentry", "fields": {"action_flag": 1, "action_time": "2013-08-23T11:39:02.361Z", "object_repr": "\u0424\u0438\u0442\u043d\u0435\u0441 \u0423\u0440\u0435\u0434\u0438", "object_id": "2", "change_message": "", "user": 1, "content_type": 13}}, {"pk": 33, "model": "admin.logentry", "fields": {"action_flag": 1, "action_time": "2013-08-23T11:39:46.657Z", "object_repr": "\u041d\u0435 \u0441\u044a\u043c \u0441\u044a\u0433\u043b\u0430\u0441\u0435\u043d", "object_id": "1", "change_message": "", "user": 1, "content_type": 18}}, {"pk": 34, "model": "admin.logentry", "fields": {"action_flag": 1, "action_time": "2013-08-26T07:06:15.504Z", "object_repr": "\u0410\u0437 \u0441\u044a\u043c \u043d\u0435\u043e\u0434\u043e\u0431\u0440\u0435\u043d", "object_id": "5", "change_message": "", "user": 1, "content_type": 12}}, {"pk": 35, "model": "admin.logentry", "fields": {"action_flag": 1, "action_time": "2013-08-26T07:40:52.187Z", "object_repr": "\u042e\u043d\u0438 2013", "object_id": "6", "change_message": "", "user": 1, "content_type": 12}}, {"pk": 36, "model": "admin.logentry", "fields": {"action_flag": 1, "action_time": "2013-08-26T07:41:30.262Z", "object_repr": "\u0424\u0435\u0432\u0440\u0443\u0430\u0440\u0438", "object_id": "7", "change_message": "", "user": 1, "content_type": 12}}, {"pk": 37, "model": "admin.logentry", "fields": {"action_flag": 1, "action_time": "2013-08-26T07:42:13.751Z", "object_repr": "\u0414\u0435\u043a\u0435\u043c\u0432\u0440\u0438 2012", "object_id": "8", "change_message": "", "user": 1, "content_type": 12}}, {"pk": 38, "model": "admin.logentry", "fields": {"action_flag": 1, "action_time": "2013-08-26T08:50:11.979Z", "object_repr": "\u041c\u0430\u0440\u0442 \u043c\u0435\u0441\u0435\u0446 2011", "object_id": "9", "change_message": "", "user": 1, "content_type": 12}}, {"pk": 39, "model": "admin.logentry", "fields": {"action_flag": 2, "action_time": "2013-08-26T08:50:58.733Z", "object_repr": "\u041c\u0430\u0440\u0442 \u043c\u0435\u0441\u0435\u0446 2011", "object_id": "9", "change_message": "\u041f\u0440\u043e\u043c\u0435\u043d\u0435\u043d\u043e created_at.", "user": 1, "content_type": 12}}, {"pk": 40, "model": "admin.logentry", "fields": {"action_flag": 1, "action_time": "2013-08-26T09:08:09.039Z", "object_repr": "Copy object", "object_id": "2", "change_message": "", "user": 1, "content_type": 16}}]